Analyzing xuan-common...                                        

warning • Unused import: 'package:common/enums.dart' • example/lib/dev_yun_liu_table.dart:1:8 • unused_import
warning • The declaration '_buildModeRadio' isn't referenced • example/lib/dev_yun_liu_table.dart:76:10 • unused_element
   info • 'groupValue' is deprecated and shouldn't be used. Use a RadioGroup ancestor to manage group value instead. This feature was deprecated after v3.32.0-0.0.pre • example/lib/dev_yun_liu_table.dart:90:13 • deprecated_member_use
   info • 'onChanged' is deprecated and shouldn't be used. Use RadioGroup to handle value change instead. This feature was deprecated after v3.32.0-0.0.pre • example/lib/dev_yun_liu_table.dart:91:13 • deprecated_member_use
   info • Unnecessary use of multiple underscores • example/lib/jie_qi_tag_demo.dart:50:41 • unnecessary_underscores
   info • Unnecessary use of multiple underscores • example/lib/jie_qi_tag_demo.dart:75:41 • unnecessary_underscores
   info • Unnecessary use of multiple underscores • example/lib/jie_qi_tag_demo.dart:106:41 • unnecessary_underscores
   info • 'withOpacity' is deprecated and shouldn't be used. Use .withValues() to avoid precision loss • example/lib/liu_yun_table/da_yun_liu_nian/dayun_liunian_table_widget.dart:87:35 • deprecated_member_use
   info • 'withOpacity' is deprecated and shouldn't be used. Use .withValues() to avoid precision loss • example/lib/liu_yun_table/da_yun_liu_nian/dayun_liunian_table_widget.dart:135:31 • deprecated_member_use
   info • 'withOpacity' is deprecated and shouldn't be used. Use .withValues() to avoid precision loss • example/lib/liu_yun_table/da_yun_liu_nian/dayun_liunian_table_widget.dart:137:50 • deprecated_member_use
   info • 'withOpacity' is deprecated and shouldn't be used. Use .withValues() to avoid precision loss • example/lib/liu_yun_table/da_yun_liu_nian/dayun_liunian_table_widget.dart:140:35 • deprecated_member_use
warning • The value of the field '_paperAlt' isn't used • example/lib/liu_yun_table/da_yun_liu_nian/dayun_liunian_table_widget.dart:194:22 • unused_field
   info • 'withOpacity' is deprecated and shouldn't be used. Use .withValues() to avoid precision loss • example/lib/liu_yun_table/da_yun_liu_nian/dayun_liunian_table_widget.dart:243:41 • deprecated_member_use
   info • 'withOpacity' is deprecated and shouldn't be used. Use .withValues() to avoid precision loss • example/lib/liu_yun_table/da_yun_liu_nian/dayun_liunian_table_widget.dart:295:33 • deprecated_member_use
   info • Unnecessary braces in a string interpolation • example/lib/liu_yun_table/da_yun_liu_nian/dayun_liunian_table_widget.dart:482:26 • unnecessary_brace_in_string_interps
   info • Unnecessary braces in a string interpolation • example/lib/liu_yun_table/da_yun_liu_nian/dayun_liunian_table_widget.dart:496:18 • unnecessary_brace_in_string_interps
   info • Unnecessary braces in a string interpolation • example/lib/liu_yun_table/da_yun_liu_nian/dayun_liunian_table_widget.dart:496:34 • unnecessary_brace_in_string_interps
   info • Unnecessary braces in a string interpolation • example/lib/liu_yun_table/da_yun_liu_nian/dayun_liunian_table_widget.dart:496:49 • unnecessary_brace_in_string_interps
   info • Unnecessary braces in a string interpolation • example/lib/liu_yun_table/da_yun_liu_nian/dayun_liunian_table_widget.dart:496:64 • unnecessary_brace_in_string_interps
   info • 'withOpacity' is deprecated and shouldn't be used. Use .withValues() to avoid precision loss • example/lib/liu_yun_table/da_yun_liu_nian/dayun_liunian_table_widget.dart:669:38 • deprecated_member_use
   info • 'withOpacity' is deprecated and shouldn't be used. Use .withValues() to avoid precision loss • example/lib/liu_yun_table/da_yun_liu_nian/dayun_liunian_table_widget.dart:696:44 • deprecated_member_use
   info • 'withOpacity' is deprecated and shouldn't be used. Use .withValues() to avoid precision loss • example/lib/liu_yun_table/da_yun_liu_nian/dayun_liunian_table_widget.dart:717:37 • deprecated_member_use
   info • 'withOpacity' is deprecated and shouldn't be used. Use .withValues() to avoid precision loss • example/lib/liu_yun_table/da_yun_liu_nian/dayun_liunian_table_widget.dart:719:55 • deprecated_member_use
   info • 'withOpacity' is deprecated and shouldn't be used. Use .withValues() to avoid precision loss • example/lib/liu_yun_table/da_yun_liu_nian/dayun_liunian_table_widget.dart:753:51 • deprecated_member_use
   info • 'withOpacity' is deprecated and shouldn't be used. Use .withValues() to avoid precision loss • example/lib/liu_yun_table/da_yun_liu_nian/dayun_liunian_table_widget.dart:761:43 • deprecated_member_use
   info • 'withOpacity' is deprecated and shouldn't be used. Use .withValues() to avoid precision loss • example/lib/liu_yun_table/da_yun_liu_nian/dayun_liunian_table_widget.dart:776:42 • deprecated_member_use
warning • A value for optional parameter 'paperColor' isn't ever given • example/lib/liu_yun_table/da_yun_liu_nian/dayun_liunian_table_widget.dart:860:10 • unused_element_parameter
   info • 'withOpacity' is deprecated and shouldn't be used. Use .withValues() to avoid precision loss • example/lib/liu_yun_table/da_yun_liu_nian/dayun_liunian_table_widget.dart:882:35 • deprecated_member_use
   info • 'withOpacity' is deprecated and shouldn't be used. Use .withValues() to avoid precision loss • example/lib/liu_yun_table/da_yun_liu_nian/dayun_liunian_table_widget.dart:908:49 • deprecated_member_use
   info • 'withOpacity' is deprecated and shouldn't be used. Use .withValues() to avoid precision loss • example/lib/liu_yun_table/da_yun_liu_nian/dayun_liunian_table_widget.dart:926:34 • deprecated_member_use
   info • 'withOpacity' is deprecated and shouldn't be used. Use .withValues() to avoid precision loss • example/lib/liu_yun_table/da_yun_liu_nian/dayun_liunian_table_widget.dart:985:40 • deprecated_member_use
   info • 'withOpacity' is deprecated and shouldn't be used. Use .withValues() to avoid precision loss • example/lib/liu_yun_table/da_yun_liu_nian/dayun_liunian_table_widget.dart:1013:48 • deprecated_member_use
   info • 'withOpacity' is deprecated and shouldn't be used. Use .withValues() to avoid precision loss • example/lib/liu_yun_table/year_month_table/calender_panel.dart:330:43 • deprecated_member_use
warning • The declaration 'cell' isn't referenced • example/lib/liu_yun_table/year_month_table/calender_panel.dart:453:16 • unused_element
   info • Unnecessary braces in a string interpolation • example/lib/liu_yun_table/year_month_table/calender_panel.dart:666:72 • unnecessary_brace_in_string_interps
   info • The import of 'package:flutter/gestures.dart' is unnecessary because all of the used elements are also provided by the import of 'package:flutter/material.dart' • example/lib/liu_yun_table/year_month_table/ink_five_dim_yunliu_table.dart:6:8 • unnecessary_import
warning • The value of the local variable 'year' isn't used • example/lib/liu_yun_table/year_month_table/ink_five_dim_yunliu_table.dart:1162:11 • unused_local_variable
   info • 'withOpacity' is deprecated and shouldn't be used. Use .withValues() to avoid precision loss • example/lib/liu_yun_table/year_month_table/ink_five_dim_yunliu_table.dart:1645:43 • deprecated_member_use
warning • Dead code • example/lib/liu_yun_table/year_month_table/ink_five_dim_yunliu_table.dart:1917:59 • dead_code
warning • The declaration '_splitTwoLines' isn't referenced • example/lib/liu_yun_table/year_month_table/ink_five_dim_yunliu_table.dart:1946:10 • unused_element
warning • The declaration '_verticalGanZhi' isn't referenced • example/lib/liu_yun_table/year_month_table/ink_five_dim_yunliu_table.dart:2005:10 • unused_element
warning • The declaration '_fiveElementTint' isn't referenced • example/lib/liu_yun_table/year_month_table/ink_five_dim_yunliu_table.dart:2092:9 • unused_element
   info • Constructors for public widgets should have a named 'key' parameter • example/lib/liu_yun_table/year_month_table/liu_day_cell_widget.dart:22:9 • use_key_in_widget_constructors
   info • 'withOpacity' is deprecated and shouldn't be used. Use .withValues() to avoid precision loss • example/lib/liu_yun_table/year_month_table/liu_day_cell_widget.dart:329:35 • deprecated_member_use
   info • 'withOpacity' is deprecated and shouldn't be used. Use .withValues() to avoid precision loss • example/lib/liu_yun_table/year_month_table/liu_day_cell_widget.dart:330:40 • deprecated_member_use
   info • 'withOpacity' is deprecated and shouldn't be used. Use .withValues() to avoid precision loss • example/lib/liu_yun_table/year_month_table/liu_day_cell_widget.dart:333:45 • deprecated_member_use
   info • 'withOpacity' is deprecated and shouldn't be used. Use .withValues() to avoid precision loss • example/lib/liu_yun_table/year_month_table/liu_day_cell_widget.dart:357:45 • deprecated_member_use
warning • Unused import: 'yun_liu_table_common.dart' • example/lib/liu_yun_table/year_month_table/liu_gan_zhi_mini_cell.dart:3:8 • unused_import
   info • Constructors for public widgets should have a named 'key' parameter • example/lib/liu_yun_table/year_month_table/liu_gan_zhi_mini_cell.dart:14:9 • use_key_in_widget_constructors
   info • 'withOpacity' is deprecated and shouldn't be used. Use .withValues() to avoid precision loss • example/lib/liu_yun_table/year_month_table/liu_gan_zhi_mini_cell.dart:71:40 • deprecated_member_use
   info • 'withOpacity' is deprecated and shouldn't be used. Use .withValues() to avoid precision loss • example/lib/liu_yun_table/year_month_table/liu_gan_zhi_mini_cell.dart:118:22 • deprecated_member_use
   info • 'withOpacity' is deprecated and shouldn't be used. Use .withValues() to avoid precision loss • example/lib/liu_yun_table/year_month_table/liu_gan_zhi_mini_cell.dart:130:37 • deprecated_member_use
   info • 'withOpacity' is deprecated and shouldn't be used. Use .withValues() to avoid precision loss • example/lib/liu_yun_table/year_month_table/liu_gan_zhi_mini_cell.dart:236:57 • deprecated_member_use
   info • Unnecessary braces in a string interpolation • example/lib/liu_yun_table/year_month_table/liu_gan_zhi_mini_cell.dart:242:34 • unnecessary_brace_in_string_interps
warning • The value of the local variable 'year' isn't used • example/lib/liu_yun_table/year_month_table/year_grid.dart:141:11 • unused_local_variable
warning • The declaration '_tenGodDetailsForSeed' isn't referenced • example/lib/liu_yun_table/year_month_table/year_grid.dart:331:45 • unused_element
   info • 'withOpacity' is deprecated and shouldn't be used. Use .withValues() to avoid precision loss • example/lib/liu_yun_table/year_month_table/yun_liu_table_common.dart:30:19 • deprecated_member_use
   info • 'withOpacity' is deprecated and shouldn't be used. Use .withValues() to avoid precision loss • example/lib/liu_yun_table/year_month_table/yun_liu_table_common.dart:71:41 • deprecated_member_use
   info • 'withOpacity' is deprecated and shouldn't be used. Use .withValues() to avoid precision loss • example/lib/liu_yun_table/year_month_table/yun_liu_table_common.dart:80:38 • deprecated_member_use
warning • The value of the local variable 'backgroundTo' isn't used • example/lib/liu_yun_table/year_month_table/yun_liu_table_month_widget.dart:50:11 • unused_local_variable
  error • The function 'YunLiuService' isn't defined • example/test/yun_liu_widget_test.dart:28:19 • undefined_function
  error • The function 'YunLiuViewModel' isn't defined • example/test/yun_liu_widget_test.dart:34:14 • undefined_function
  error • The function 'YunLiuListTileCardWidget' isn't defined • example/test/yun_liu_widget_test.dart:44:16 • undefined_function
  error • The function 'YunLiuService' isn't defined • example/test/yun_liu_widget_test.dart:53:19 • undefined_function
  error • The function 'YunLiuViewModel' isn't defined • example/test/yun_liu_widget_test.dart:58:14 • undefined_function
  error • The function 'YunLiuListTileCardWidget' isn't defined • example/test/yun_liu_widget_test.dart:69:16 • undefined_function
  error • Undefined name 'YunLiuListTileCardWidget' • example/test/yun_liu_widget_test.dart:158:26 • undefined_identifier
  error • The function 'YunLiuViewModel' isn't defined • example/test/yun_liu_widget_test.dart:498:25 • undefined_function
  error • The function 'YunLiuService' isn't defined • example/test/yun_liu_widget_test.dart:499:18 • undefined_function
  error • The function 'YunLiuListTileCardWidget' isn't defined • example/test/yun_liu_widget_test.dart:508:32 • undefined_function
  error • Undefined name 'YunLiuListTileCardWidget' • example/test/yun_liu_widget_test.dart:513:26 • undefined_identifier
   info • Don't invoke 'print' in production code • example/test_lunar.dart:4:3 • avoid_print
   info • Use interpolation to compose strings and values • example/test_lunar.dart:4:9 • prefer_interpolation_to_compose_strings
   info • Don't invoke 'print' in production code • example/test_lunar.dart:5:3 • avoid_print
   info • Use interpolation to compose strings and values • example/test_lunar.dart:5:9 • prefer_interpolation_to_compose_strings
   info • Don't invoke 'print' in production code • example/test_lunar.dart:6:3 • avoid_print
   info • Use interpolation to compose strings and values • example/test_lunar.dart:6:9 • prefer_interpolation_to_compose_strings
   info • Don't invoke 'print' in production code • example/test_tz.dart:8:5 • avoid_print
   info • Don't invoke 'print' in production code • example/test_tz.dart:10:5 • avoid_print
   info • Angle brackets will be interpreted as HTML • lib/adapters/lunar_adapter.dart:129:27 • unintended_html_in_doc_comment
   info • Library names are not necessary • lib/commands/commands.dart:4:9 • unnecessary_library_name
  error • The argument type 'List<PillarType>' can't be assigned to the parameter type 'Iterable<PillarType>'.  • lib/commands/template_commands.dart:106:40 • argument_type_not_assignable
  error • The argument type 'List<PillarType>' can't be assigned to the parameter type 'List<PillarType>?'.  • lib/commands/template_commands.dart:115:42 • argument_type_not_assignable
  error • The argument type 'List<PillarType>' can't be assigned to the parameter type 'Iterable<PillarType>'.  • lib/commands/template_commands.dart:126:40 • argument_type_not_assignable
  error • The argument type 'List<PillarType>' can't be assigned to the parameter type 'List<PillarType>?'.  • lib/commands/template_commands.dart:134:42 • argument_type_not_assignable
  error • The argument type 'List<PillarType>' can't be assigned to the parameter type 'Iterable<PillarType>'.  • lib/commands/template_commands.dart:161:40 • argument_type_not_assignable
  error • The argument type 'List<PillarType>' can't be assigned to the parameter type 'List<PillarType>?'.  • lib/commands/template_commands.dart:165:42 • argument_type_not_assignable
  error • The argument type 'List<PillarType>' can't be assigned to the parameter type 'Iterable<PillarType>'.  • lib/commands/template_commands.dart:176:40 • argument_type_not_assignable
  error • The argument type 'List<PillarType>' can't be assigned to the parameter type 'List<PillarType>?'.  • lib/commands/template_commands.dart:179:42 • argument_type_not_assignable
  error • The argument type 'List<PillarType>' can't be assigned to the parameter type 'Iterable<PillarType>'.  • lib/commands/template_commands.dart:220:40 • argument_type_not_assignable
  error • The argument type 'List<PillarType>' can't be assigned to the parameter type 'List<PillarType>?'.  • lib/commands/template_commands.dart:227:42 • argument_type_not_assignable
   info • The type of the right operand ('RowType') isn't a subtype or a supertype of the left operand ('RowType') • lib/commands/template_commands.dart:379:38 • unrelated_type_equality_checks
   info • The type of the right operand ('RowType') isn't a subtype or a supertype of the left operand ('RowType') • lib/commands/template_commands.dart:414:38 • unrelated_type_equality_checks
  error • The argument type 'BorderType' can't be assigned to the parameter type 'BorderType?'.  • lib/commands/template_commands.dart:459:67 • argument_type_not_assignable
  error • The argument type 'BorderType' can't be assigned to the parameter type 'BorderType?'.  • lib/commands/template_commands.dart:465:67 • argument_type_not_assignable
   info • The type of the right operand ('RowType') isn't a subtype or a supertype of the left operand ('RowType') • lib/commands/template_commands.dart:742:28 • unrelated_type_equality_checks
  error • The argument type 'List<PillarType>' can't be assigned to the parameter type 'List<PillarType>?'.  • lib/commands/template_commands.dart:861:66 • argument_type_not_assignable
  error • The argument type 'List<PillarType>' can't be assigned to the parameter type 'List<PillarType>?'.  • lib/commands/template_commands.dart:873:66 • argument_type_not_assignable
warning • Unused import: 'package:common/models/text_style_config.dart' • lib/commands/theme_commands.dart:4:8 • unused_import
warning • Unused import: 'package:flutter/widgets.dart' • lib/commands/theme_commands.dart:6:8 • unused_import
   info • The 'if' statement could be replaced by a null-aware assignment • lib/commands/theme_commands.dart:48:5 • prefer_conditional_assignment
   info • The 'if' statement could be replaced by a null-aware assignment • lib/commands/theme_commands.dart:51:5 • prefer_conditional_assignment
warning • The operand can't be 'null', so the condition is always 'true' • lib/commands/theme_commands.dart:83:21 • unnecessary_null_comparison
   info • 'value' is deprecated and shouldn't be used. Use component accessors like .r or .g, or toARGB32 for an explicit conversion • lib/commands/theme_commands.dart:86:27 • deprecated_member_use
   info • 'value' is deprecated and shouldn't be used. Use component accessors like .r or .g, or toARGB32 for an explicit conversion • lib/commands/theme_commands.dart:101:33 • deprecated_member_use
   info • The type of the right operand ('BorderType') isn't a subtype or a supertype of the left operand ('BorderType') • lib/commands/theme_commands.dart:109:37 • unrelated_type_equality_checks
  error • The argument type 'BorderType' can't be assigned to the parameter type 'BorderType?'.  • lib/commands/theme_commands.dart:110:61 • argument_type_not_assignable
   info • The argument type 'RowType' isn't related to 'RowType' • lib/commands/theme_commands.dart:120:31 • collection_methods_unrelated_type
   info • The type of the right operand ('TextStyleConfig') isn't a subtype or a supertype of the left operand ('TextStyleConfig') • lib/commands/theme_commands.dart:121:40 • unrelated_type_equality_checks
  error • The argument type 'TextStyleConfig' can't be assigned to the parameter type 'TextStyleConfig?'.  • lib/commands/theme_commands.dart:122:58 • argument_type_not_assignable
   info • 'printTime' is deprecated and shouldn't be used. Use `dateTimeFormat` with `DateTimeFormat.onlyTimeAndSinceStart` or `DateTimeFormat.none` instead • lib/common_logger.dart:37:9 • deprecated_member_use
   info • The constant name 'Golabel' isn't a lowerCamelCase identifier • lib/common_logger.dart:51:3 • constant_identifier_names
   info • The constant name 'DaLiuRen' isn't a lowerCamelCase identifier • lib/common_logger.dart:53:3 • constant_identifier_names
   info • The constant name 'QiMenDunJia' isn't a lowerCamelCase identifier • lib/common_logger.dart:55:3 • constant_identifier_names
   info • The constant name 'TaiYiShenShu' isn't a lowerCamelCase identifier • lib/common_logger.dart:57:3 • constant_identifier_names
   info • The constant name 'QiZhengSiYu' isn't a lowerCamelCase identifier • lib/common_logger.dart:59:3 • constant_identifier_names
   info • The constant name 'Seasons24ColorMapper' isn't a lowerCamelCase identifier • lib/const_resources_mapper.dart:115:35 • constant_identifier_names
warning • Unnecessary cast • lib/database/app_database.dart:219:37 • unnecessary_cast
   info • The imported package 'drift_dev' isn't a dependency of the importing package • lib/database/native.dart:4:8 • depend_on_referenced_packages
   info • The imported package 'path' isn't a dependency of the importing package • lib/database/native.dart:7:8 • depend_on_referenced_packages
warning • Unused import: 'package:common/database/converters/coordinates_converter.dart' • lib/database/tables/tables.dart:1:8 • unused_import
warning • Unused import: 'package:common/database/converters/jie_qi_info_converter.dart' • lib/database/tables/tables.dart:2:8 • unused_import
warning • Unused import: 'package:common/database/converters/location_converter.dart' • lib/database/tables/tables.dart:3:8 • unused_import
warning • The getter doesn't override an inherited getter • lib/database/tables/tables.dart:249:19 • override_on_non_overriding_member
warning • The getter doesn't override an inherited getter • lib/database/tables/tables.dart:285:19 • override_on_non_overriding_member
   info • The imported package 'sqlite3' isn't a dependency of the importing package • lib/database/web.dart:3:8 • depend_on_referenced_packages
warning • Unused import: 'package:flutter/foundation.dart' • lib/database/world_info_database.dart:3:8 • unused_import
warning • Unused import: 'package:flutter/services.dart' • lib/database/world_info_database.dart:4:8 • unused_import
   info • The imported package 'path' isn't a dependency of the importing package • lib/database/world_info_database.dart:6:8 • depend_on_referenced_packages
warning • Unused import: 'package:path/path.dart' • lib/database/world_info_database.dart:6:8 • unused_import
warning • Unused import: 'dart:io' • lib/database/world_info_database.dart:7:8 • unused_import
   info • Constructors in '@immutable' classes should be declared as 'const' • lib/datamodel/base_divination_datetime_datamodel.dart:31:3 • prefer_const_constructors_in_immutables
warning • Unused import: 'geo_location.dart' • lib/datamodel/basic_person_info.dart:6:8 • unused_import
   info • Constructors in '@immutable' classes should be declared as 'const' • lib/datamodel/datetime_divination_datamodel.dart:31:3 • prefer_const_constructors_in_immutables
warning • Unused import: 'package:common/datamodel/divination_type_data_model.dart' • lib/datamodel/divination_data_model.dart:1:8 • unused_import
warning • Unused import: 'package:common/models/divination_datetime.dart' • lib/datamodel/divination_data_model.dart:5:8 • unused_import
warning • Unused import: 'package:common/enums/enum_gender.dart' • lib/datamodel/divination_data_model.dart:6:8 • unused_import
warning • Unused import: '../database/app_database.dart' • lib/datamodel/divination_data_model.dart:8:8 • unused_import
warning • Unused import: 'package:sweph/sweph.dart' • lib/datamodel/geo_location.dart:3:8 • unused_import
warning • Unused import: 'basic_person_info.dart' • lib/datamodel/geo_location.dart:4:8 • unused_import
   info • Constructors in '@immutable' classes should be declared as 'const' • lib/datamodel/geo_location.dart:52:3 • prefer_const_constructors_in_immutables
warning • This class (or a class that this class inherits from) is marked as '@immutable', but one or more of its instance fields aren't final: Location.preciseCoordinates, Location.address, Location.isReverseSpeculation • lib/datamodel/location.dart:8:7 • must_be_immutable
   info • Missing type annotation • lib/datamodel/location.dart:23:3 • strict_top_level_inference
warning • This class (or a class that this class inherits from) is marked as '@immutable', but one or more of its instance fields aren't final: Coordinates.latitude, Coordinates.longitude • lib/datamodel/location.dart:41:7 • must_be_immutable
warning • This class (or a class that this class inherits from) is marked as '@immutable', but one or more of its instance fields aren't final: Address.countryName, Address.countryId, Address.regionId, Address.province, Address.city, Address.area, Address.timezone • lib/datamodel/location.dart:60:7 • must_be_immutable
   info • Unnecessary 'this.' qualifier • lib/datamodel/location.dart:89:20 • unnecessary_this
   info • Unnecessary 'this.' qualifier • lib/datamodel/location.dart:90:18 • unnecessary_this
   info • Unnecessary 'this.' qualifier • lib/datamodel/location.dart:91:17 • unnecessary_this
   info • Unnecessary 'this.' qualifier • lib/datamodel/location.dart:92:17 • unnecessary_this
   info • Unnecessary 'this.' qualifier • lib/datamodel/location.dart:93:13 • unnecessary_this
   info • Unnecessary 'this.' qualifier • lib/datamodel/location.dart:95:29 • unnecessary_this
warning • The left operand can't be null, so the right operand is never executed • lib/datamodel/location.dart:95:29 • dead_null_aware_expression
   info • Unnecessary 'this.' qualifier • lib/datamodel/location.dart:101:20 • unnecessary_this
   info • Unnecessary 'this.' qualifier • lib/datamodel/location.dart:102:18 • unnecessary_this
   info • Unnecessary 'this.' qualifier • lib/datamodel/location.dart:103:17 • unnecessary_this
   info • Unnecessary 'this.' qualifier • lib/datamodel/location.dart:104:17 • unnecessary_this
   info • Unnecessary 'this.' qualifier • lib/datamodel/location.dart:107:29 • unnecessary_this
warning • The left operand can't be null, so the right operand is never executed • lib/datamodel/location.dart:107:29 • dead_null_aware_expression
   info • Unnecessary 'this.' qualifier • lib/datamodel/location.dart:122:34 • unnecessary_this
   info • Constructors in '@immutable' classes should be declared as 'const' • lib/datamodel/observer_datamodel.dart:17:3 • prefer_const_constructors_in_immutables
warning • The method doesn't override an inherited method • lib/datamodel/observer_datamodel.dart:27:24 • override_on_non_overriding_member
   info • Missing type annotation • lib/datamodel/observer_datamodel.dart:39:3 • strict_top_level_inference
   info • Constructors in '@immutable' classes should be declared as 'const' • lib/datamodel/world_info.dart:18:3 • prefer_const_constructors_in_immutables
   info • Constructors in '@immutable' classes should be declared as 'const' • lib/datamodel/world_info.dart:48:3 • prefer_const_constructors_in_immutables
   info • Constructors in '@immutable' classes should be declared as 'const' • lib/datamodel/world_info.dart:97:3 • prefer_const_constructors_in_immutables
   info • Constructors in '@immutable' classes should be declared as 'const' • lib/datamodel/world_info.dart:153:3 • prefer_const_constructors_in_immutables
   info • Constructors in '@immutable' classes should be declared as 'const' • lib/datamodel/world_info.dart:196:3 • prefer_const_constructors_in_immutables
warning • The left operand can't be null, so the right operand is never executed • lib/datasource/geo_location_repository.dart:91:9 • dead_null_aware_expression
warning • The left operand can't be null, so the right operand is never executed • lib/datasource/geo_location_repository.dart:99:9 • dead_null_aware_expression
   info • The member 'applyRemoteChanges' overrides an inherited member but isn't annotated with '@override' • lib/datasource/layout_template_local_data_source.dart:195:28 • annotate_overrides
warning • Unnecessary cast • lib/datasource/layout_template_local_data_source.dart:295:53 • unnecessary_cast
warning • Unnecessary cast • lib/datasource/layout_template_local_data_source.dart:332:43 • unnecessary_cast
warning • Unused import: 'package:common/database/world_info_database.dart' • lib/datasource/loca_binary/world_country_repository.dart:1:8 • unused_import
warning • Unused import: 'package:flutter/widgets.dart' • lib/datasource/loca_binary/world_country_repository.dart:4:8 • unused_import
   info • Type could be non-nullable • lib/datasource/loca_binary/world_country_repository.dart:91:32 • unnecessary_nullable_for_final_variable_declarations
warning • Unused import: 'package:json_annotation/json_annotation.dart' • lib/datasource/local/regions.dart:1:8 • unused_import
warning • The '!' will have no effect because the receiver can't be null • lib/datasource/sync_local_appliers.dart:1296:37 • unnecessary_non_null_assertion
warning • The '!' will have no effect because the receiver can't be null • lib/datasource/sync_local_appliers.dart:1297:45 • unnecessary_non_null_assertion
warning • The '!' will have no effect because the receiver can't be null • lib/datasource/sync_local_appliers.dart:1683:45 • unnecessary_non_null_assertion
warning • The '!' will have no effect because the receiver can't be null • lib/datasource/sync_local_appliers.dart:1684:35 • unnecessary_non_null_assertion
warning • Unused import: 'helpers/solar_lunar_datetime_helper.dart' • lib/dev_constant.dart:10:8 • unused_import
   info • The variable name 'dev_usa' isn't a lowerCamelCase identifier • lib/dev_constant.dart:17:36 • non_constant_identifier_names
   info • The variable name 'usa_address' isn't a lowerCamelCase identifier • lib/dev_constant.dart:38:9 • non_constant_identifier_names
warning • The value of the local variable 'usa_address' isn't used • lib/dev_constant.dart:38:9 • unused_local_variable
warning • The value of the field '_isEditable' isn't used • lib/dev_select_datetime_page.dart:34:14 • unused_field
warning • The value of the field '_sample' isn't used • lib/dev_select_datetime_page.dart:35:19 • unused_field
warning • The value of the field '_columnPillars' isn't used • lib/dev_select_datetime_page.dart:36:25 • unused_field
warning • The value of the field '_rowPillars' isn't used • lib/dev_select_datetime_page.dart:37:25 • unused_field
warning • The value of the field '_columnRows' isn't used • lib/dev_select_datetime_page.dart:38:24 • unused_field
warning • The value of the field '_rowRows' isn't used • lib/dev_select_datetime_page.dart:39:24 • unused_field
warning • The value of the field '_cardStyle' isn't used • lib/dev_select_datetime_page.dart:40:18 • unused_field
  error • The argument type 'RowType (where RowType is defined in /Users/jingtaiwei/Git/Public/xuan-migration/xuan-common/lib/enums/layout_template_enums.dart)' can't be assigned to the parameter type 'RowType (where RowType is defined in /Users/jingtaiwei/Git/Public/xuan-migration/xuan-four-zhu-templates/lib/enums/layout_template_enums.dart)'.  • lib/dev_select_datetime_page.dart:70:17 • argument_type_not_assignable
  error • The argument type 'TextStyleConfig (where TextStyleConfig is defined in /Users/jingtaiwei/Git/Public/xuan-migration/xuan-common/lib/models/text_style_config.dart)' can't be assigned to the parameter type 'TextStyleConfig (where TextStyleConfig is defined in /Users/jingtaiwei/Git/Public/xuan-migration/xuan-four-zhu-templates/lib/models/text_style_config.dart)'.  • lib/dev_select_datetime_page.dart:73:28 • argument_type_not_assignable
  error • The argument type 'RowType (where RowType is defined in /Users/jingtaiwei/Git/Public/xuan-migration/xuan-common/lib/enums/layout_template_enums.dart)' can't be assigned to the parameter type 'RowType (where RowType is defined in /Users/jingtaiwei/Git/Public/xuan-migration/xuan-four-zhu-templates/lib/enums/layout_template_enums.dart)'.  • lib/dev_select_datetime_page.dart:75:17 • argument_type_not_assignable
  error • The argument type 'TextStyleConfig (where TextStyleConfig is defined in /Users/jingtaiwei/Git/Public/xuan-migration/xuan-common/lib/models/text_style_config.dart)' can't be assigned to the parameter type 'TextStyleConfig (where TextStyleConfig is defined in /Users/jingtaiwei/Git/Public/xuan-migration/xuan-four-zhu-templates/lib/models/text_style_config.dart)'.  • lib/dev_select_datetime_page.dart:78:28 • argument_type_not_assignable
  error • The argument type 'RowType (where RowType is defined in /Users/jingtaiwei/Git/Public/xuan-migration/xuan-common/lib/enums/layout_template_enums.dart)' can't be assigned to the parameter type 'RowType (where RowType is defined in /Users/jingtaiwei/Git/Public/xuan-migration/xuan-four-zhu-templates/lib/enums/layout_template_enums.dart)'.  • lib/dev_select_datetime_page.dart:80:17 • argument_type_not_assignable
  error • The argument type 'TextStyleConfig (where TextStyleConfig is defined in /Users/jingtaiwei/Git/Public/xuan-migration/xuan-common/lib/models/text_style_config.dart)' can't be assigned to the parameter type 'TextStyleConfig (where TextStyleConfig is defined in /Users/jingtaiwei/Git/Public/xuan-migration/xuan-four-zhu-templates/lib/models/text_style_config.dart)'.  • lib/dev_select_datetime_page.dart:83:28 • argument_type_not_assignable
  error • The argument type 'RowType (where RowType is defined in /Users/jingtaiwei/Git/Public/xuan-migration/xuan-common/lib/enums/layout_template_enums.dart)' can't be assigned to the parameter type 'RowType (where RowType is defined in /Users/jingtaiwei/Git/Public/xuan-migration/xuan-four-zhu-templates/lib/enums/layout_template_enums.dart)'.  • lib/dev_select_datetime_page.dart:87:17 • argument_type_not_assignable
  error • The argument type 'TextStyleConfig (where TextStyleConfig is defined in /Users/jingtaiwei/Git/Public/xuan-migration/xuan-common/lib/models/text_style_config.dart)' can't be assigned to the parameter type 'TextStyleConfig (where TextStyleConfig is defined in /Users/jingtaiwei/Git/Public/xuan-migration/xuan-four-zhu-templates/lib/models/text_style_config.dart)'.  • lib/dev_select_datetime_page.dart:90:28 • argument_type_not_assignable
  error • The argument type 'RowType (where RowType is defined in /Users/jingtaiwei/Git/Public/xuan-migration/xuan-common/lib/enums/layout_template_enums.dart)' can't be assigned to the parameter type 'RowType (where RowType is defined in /Users/jingtaiwei/Git/Public/xuan-migration/xuan-four-zhu-templates/lib/enums/layout_template_enums.dart)'.  • lib/dev_select_datetime_page.dart:92:17 • argument_type_not_assignable
  error • The argument type 'TextStyleConfig (where TextStyleConfig is defined in /Users/jingtaiwei/Git/Public/xuan-migration/xuan-common/lib/models/text_style_config.dart)' can't be assigned to the parameter type 'TextStyleConfig (where TextStyleConfig is defined in /Users/jingtaiwei/Git/Public/xuan-migration/xuan-four-zhu-templates/lib/models/text_style_config.dart)'.  • lib/dev_select_datetime_page.dart:95:28 • argument_type_not_assignable
  error • The argument type 'RowType (where RowType is defined in /Users/jingtaiwei/Git/Public/xuan-migration/xuan-common/lib/enums/layout_template_enums.dart)' can't be assigned to the parameter type 'RowType (where RowType is defined in /Users/jingtaiwei/Git/Public/xuan-migration/xuan-four-zhu-templates/lib/enums/layout_template_enums.dart)'.  • lib/dev_select_datetime_page.dart:97:17 • argument_type_not_assignable
  error • The argument type 'TextStyleConfig (where TextStyleConfig is defined in /Users/jingtaiwei/Git/Public/xuan-migration/xuan-common/lib/models/text_style_config.dart)' can't be assigned to the parameter type 'TextStyleConfig (where TextStyleConfig is defined in /Users/jingtaiwei/Git/Public/xuan-migration/xuan-four-zhu-templates/lib/models/text_style_config.dart)'.  • lib/dev_select_datetime_page.dart:100:28 • argument_type_not_assignable
  error • A value of type 'BorderType' can't be assigned to a parameter of type 'BorderType' in a const constructor • lib/dev_select_datetime_page.dart:103:7 • const_constructor_param_type_mismatch
  error • The argument type 'BorderType (where BorderType is defined in /Users/jingtaiwei/Git/Public/xuan-migration/xuan-common/lib/enums/layout_template_enums.dart)' can't be assigned to the parameter type 'BorderType (where BorderType is defined in /Users/jingtaiwei/Git/Public/xuan-migration/xuan-four-zhu-templates/lib/enums/layout_template_enums.dart)'.  • lib/dev_select_datetime_page.dart:103:20 • argument_type_not_assignable
   info • Don't use 'BuildContext's across async gaps • lib/dev_select_datetime_page.dart:185:37 • use_build_context_synchronously
warning • Unused import: 'package:common/database/tables/tables.dart' • lib/divinatioin_history_record/divination_history_record_page.dart:4:8 • unused_import
warning • The annotation 'JsonKey.new' can only be used on fields, getters, or parameters • lib/enums/enum_28_constellations.dart:7:4 • invalid_annotation_target
   info • The constant name 'Lou_Jin_Gou' isn't a lowerCamelCase identifier • lib/enums/enum_28_constellations.dart:8:3 • constant_identifier_names
warning • The annotation 'JsonKey.new' can only be used on fields, getters, or parameters • lib/enums/enum_28_constellations.dart:10:4 • invalid_annotation_target
   info • The constant name 'Wei_Tu_Zhi' isn't a lowerCamelCase identifier • lib/enums/enum_28_constellations.dart:11:3 • constant_identifier_names
warning • The annotation 'JsonKey.new' can only be used on fields, getters, or parameters • lib/enums/enum_28_constellations.dart:13:4 • invalid_annotation_target
   info • The constant name 'Mao_Ri_Ji' isn't a lowerCamelCase identifier • lib/enums/enum_28_constellations.dart:14:3 • constant_identifier_names
warning • The annotation 'JsonKey.new' can only be used on fields, getters, or parameters • lib/enums/enum_28_constellations.dart:16:4 • invalid_annotation_target
   info • The constant name 'Bi_Yue_Wu' isn't a lowerCamelCase identifier • lib/enums/enum_28_constellations.dart:17:3 • constant_identifier_names
warning • The annotation 'JsonKey.new' can only be used on fields, getters, or parameters • lib/enums/enum_28_constellations.dart:19:4 • invalid_annotation_target
   info • The constant name 'Zi_Huo_Hou' isn't a lowerCamelCase identifier • lib/enums/enum_28_constellations.dart:20:3 • constant_identifier_names
warning • The annotation 'JsonKey.new' can only be used on fields, getters, or parameters • lib/enums/enum_28_constellations.dart:22:4 • invalid_annotation_target
   info • The constant name 'Shen_Shui_Yuan' isn't a lowerCamelCase identifier • lib/enums/enum_28_constellations.dart:23:3 • constant_identifier_names
warning • The annotation 'JsonKey.new' can only be used on fields, getters, or parameters • lib/enums/enum_28_constellations.dart:25:4 • invalid_annotation_target
   info • The constant name 'Jing_Mu_Han' isn't a lowerCamelCase identifier • lib/enums/enum_28_constellations.dart:26:3 • constant_identifier_names
warning • The annotation 'JsonKey.new' can only be used on fields, getters, or parameters • lib/enums/enum_28_constellations.dart:29:4 • invalid_annotation_target
   info • The constant name 'Gui_Jin_Yang' isn't a lowerCamelCase identifier • lib/enums/enum_28_constellations.dart:30:3 • constant_identifier_names
warning • The annotation 'JsonKey.new' can only be used on fields, getters, or parameters • lib/enums/enum_28_constellations.dart:32:4 • invalid_annotation_target
   info • The constant name 'Liu_Tu_Zhang' isn't a lowerCamelCase identifier • lib/enums/enum_28_constellations.dart:33:3 • constant_identifier_names
warning • The annotation 'JsonKey.new' can only be used on fields, getters, or parameters • lib/enums/enum_28_constellations.dart:35:4 • invalid_annotation_target
   info • The constant name 'Xing_Ri_Ma' isn't a lowerCamelCase identifier • lib/enums/enum_28_constellations.dart:36:3 • constant_identifier_names
warning • The annotation 'JsonKey.new' can only be used on fields, getters, or parameters • lib/enums/enum_28_constellations.dart:38:4 • invalid_annotation_target
   info • The constant name 'Zhang_Yue_Lu' isn't a lowerCamelCase identifier • lib/enums/enum_28_constellations.dart:39:3 • constant_identifier_names
warning • The annotation 'JsonKey.new' can only be used on fields, getters, or parameters • lib/enums/enum_28_constellations.dart:41:4 • invalid_annotation_target
   info • The constant name 'Yi_Huo_She' isn't a lowerCamelCase identifier • lib/enums/enum_28_constellations.dart:42:3 • constant_identifier_names
warning • The annotation 'JsonKey.new' can only be used on fields, getters, or parameters • lib/enums/enum_28_constellations.dart:44:4 • invalid_annotation_target
   info • The constant name 'Zhen_Shui_Yin' isn't a lowerCamelCase identifier • lib/enums/enum_28_constellations.dart:45:3 • constant_identifier_names
warning • The annotation 'JsonKey.new' can only be used on fields, getters, or parameters • lib/enums/enum_28_constellations.dart:48:4 • invalid_annotation_target
   info • The constant name 'Jiao_Mu_Jiao' isn't a lowerCamelCase identifier • lib/enums/enum_28_constellations.dart:49:3 • constant_identifier_names
warning • The annotation 'JsonKey.new' can only be used on fields, getters, or parameters • lib/enums/enum_28_constellations.dart:52:4 • invalid_annotation_target
   info • The constant name 'Kang_Jin_Long' isn't a lowerCamelCase identifier • lib/enums/enum_28_constellations.dart:53:3 • constant_identifier_names
warning • The annotation 'JsonKey.new' can only be used on fields, getters, or parameters • lib/enums/enum_28_constellations.dart:55:4 • invalid_annotation_target
   info • The constant name 'Di_Tu_Lu' isn't a lowerCamelCase identifier • lib/enums/enum_28_constellations.dart:56:3 • constant_identifier_names
warning • The annotation 'JsonKey.new' can only be used on fields, getters, or parameters • lib/enums/enum_28_constellations.dart:58:4 • invalid_annotation_target
   info • The constant name 'Fang_Ri_Tu' isn't a lowerCamelCase identifier • lib/enums/enum_28_constellations.dart:59:3 • constant_identifier_names
warning • The annotation 'JsonKey.new' can only be used on fields, getters, or parameters • lib/enums/enum_28_constellations.dart:61:4 • invalid_annotation_target
   info • The constant name 'Xin_Yue_Hu' isn't a lowerCamelCase identifier • lib/enums/enum_28_constellations.dart:62:3 • constant_identifier_names
warning • The annotation 'JsonKey.new' can only be used on fields, getters, or parameters • lib/enums/enum_28_constellations.dart:64:4 • invalid_annotation_target
   info • The constant name 'Wei_Huo_Hu' isn't a lowerCamelCase identifier • lib/enums/enum_28_constellations.dart:65:3 • constant_identifier_names
warning • The annotation 'JsonKey.new' can only be used on fields, getters, or parameters • lib/enums/enum_28_constellations.dart:67:4 • invalid_annotation_target
   info • The constant name 'Ji_Shui_Bao' isn't a lowerCamelCase identifier • lib/enums/enum_28_constellations.dart:68:3 • constant_identifier_names
warning • The annotation 'JsonKey.new' can only be used on fields, getters, or parameters • lib/enums/enum_28_constellations.dart:70:4 • invalid_annotation_target
   info • The constant name 'Dou_Mu_Xie' isn't a lowerCamelCase identifier • lib/enums/enum_28_constellations.dart:71:3 • constant_identifier_names
warning • The annotation 'JsonKey.new' can only be used on fields, getters, or parameters • lib/enums/enum_28_constellations.dart:74:4 • invalid_annotation_target
   info • The constant name 'Niu_Jin_Niu' isn't a lowerCamelCase identifier • lib/enums/enum_28_constellations.dart:75:3 • constant_identifier_names
warning • The annotation 'JsonKey.new' can only be used on fields, getters, or parameters • lib/enums/enum_28_constellations.dart:77:4 • invalid_annotation_target
   info • The constant name 'Nv_Tu_Fu' isn't a lowerCamelCase identifier • lib/enums/enum_28_constellations.dart:78:3 • constant_identifier_names
warning • The annotation 'JsonKey.new' can only be used on fields, getters, or parameters • lib/enums/enum_28_constellations.dart:80:4 • invalid_annotation_target
   info • The constant name 'Xu_Ri_Shu' isn't a lowerCamelCase identifier • lib/enums/enum_28_constellations.dart:81:3 • constant_identifier_names
warning • The annotation 'JsonKey.new' can only be used on fields, getters, or parameters • lib/enums/enum_28_constellations.dart:83:4 • invalid_annotation_target
   info • The constant name 'Wei_Yue_Yan' isn't a lowerCamelCase identifier • lib/enums/enum_28_constellations.dart:84:3 • constant_identifier_names
warning • The annotation 'JsonKey.new' can only be used on fields, getters, or parameters • lib/enums/enum_28_constellations.dart:86:4 • invalid_annotation_target
   info • The constant name 'Shi_Huo_Zhu' isn't a lowerCamelCase identifier • lib/enums/enum_28_constellations.dart:87:3 • constant_identifier_names
warning • The annotation 'JsonKey.new' can only be used on fields, getters, or parameters • lib/enums/enum_28_constellations.dart:89:4 • invalid_annotation_target
   info • The constant name 'Bi_Shui_Yu' isn't a lowerCamelCase identifier • lib/enums/enum_28_constellations.dart:90:3 • constant_identifier_names
warning • The annotation 'JsonKey.new' can only be used on fields, getters, or parameters • lib/enums/enum_28_constellations.dart:92:4 • invalid_annotation_target
   info • The constant name 'Kui_Mu_Lang' isn't a lowerCamelCase identifier • lib/enums/enum_28_constellations.dart:93:3 • constant_identifier_names
   info • The constant name 'Rat' isn't a lowerCamelCase identifier • lib/enums/enum_chinese_12_zodic.dart:6:3 • constant_identifier_names
   info • The constant name 'Ox' isn't a lowerCamelCase identifier • lib/enums/enum_chinese_12_zodic.dart:8:3 • constant_identifier_names
   info • The constant name 'Tiger' isn't a lowerCamelCase identifier • lib/enums/enum_chinese_12_zodic.dart:10:3 • constant_identifier_names
   info • The constant name 'Rabbit' isn't a lowerCamelCase identifier • lib/enums/enum_chinese_12_zodic.dart:12:3 • constant_identifier_names
   info • The constant name 'Dragon' isn't a lowerCamelCase identifier • lib/enums/enum_chinese_12_zodic.dart:14:3 • constant_identifier_names
   info • The constant name 'Snake' isn't a lowerCamelCase identifier • lib/enums/enum_chinese_12_zodic.dart:16:3 • constant_identifier_names
   info • The constant name 'Horse' isn't a lowerCamelCase identifier • lib/enums/enum_chinese_12_zodic.dart:18:3 • constant_identifier_names
   info • The constant name 'Goat' isn't a lowerCamelCase identifier • lib/enums/enum_chinese_12_zodic.dart:20:3 • constant_identifier_names
   info • The constant name 'Monkey' isn't a lowerCamelCase identifier • lib/enums/enum_chinese_12_zodic.dart:22:3 • constant_identifier_names
   info • The constant name 'Rooster' isn't a lowerCamelCase identifier • lib/enums/enum_chinese_12_zodic.dart:24:3 • constant_identifier_names
   info • The constant name 'Dog' isn't a lowerCamelCase identifier • lib/enums/enum_chinese_12_zodic.dart:26:3 • constant_identifier_names
   info • The constant name 'Pig' isn't a lowerCamelCase identifier • lib/enums/enum_chinese_12_zodic.dart:28:3 • constant_identifier_names
   info • Missing type annotation • lib/enums/enum_datetime_type.dart:11:3 • strict_top_level_inference
   info • The constant name 'ZI' isn't a lowerCamelCase identifier • lib/enums/enum_di_zhi.dart:12:3 • constant_identifier_names
   info • The constant name 'CHOU' isn't a lowerCamelCase identifier • lib/enums/enum_di_zhi.dart:14:3 • constant_identifier_names
   info • The constant name 'YIN' isn't a lowerCamelCase identifier • lib/enums/enum_di_zhi.dart:16:3 • constant_identifier_names
   info • The constant name 'MAO' isn't a lowerCamelCase identifier • lib/enums/enum_di_zhi.dart:18:3 • constant_identifier_names
   info • The constant name 'CHEN' isn't a lowerCamelCase identifier • lib/enums/enum_di_zhi.dart:20:3 • constant_identifier_names
   info • The constant name 'SI' isn't a lowerCamelCase identifier • lib/enums/enum_di_zhi.dart:22:3 • constant_identifier_names
   info • The constant name 'WU' isn't a lowerCamelCase identifier • lib/enums/enum_di_zhi.dart:24:3 • constant_identifier_names
   info • The constant name 'WEI' isn't a lowerCamelCase identifier • lib/enums/enum_di_zhi.dart:26:3 • constant_identifier_names
   info • The constant name 'SHEN' isn't a lowerCamelCase identifier • lib/enums/enum_di_zhi.dart:28:3 • constant_identifier_names
   info • The constant name 'YOU' isn't a lowerCamelCase identifier • lib/enums/enum_di_zhi.dart:30:3 • constant_identifier_names
   info • The constant name 'XU' isn't a lowerCamelCase identifier • lib/enums/enum_di_zhi.dart:32:3 • constant_identifier_names
   info • The constant name 'HAI' isn't a lowerCamelCase identifier • lib/enums/enum_di_zhi.dart:34:3 • constant_identifier_names
   info • The constant name 'XING' isn't a lowerCamelCase identifier • lib/enums/enum_di_zhi.dart:182:3 • constant_identifier_names
   info • The constant name 'CHONG' isn't a lowerCamelCase identifier • lib/enums/enum_di_zhi.dart:183:3 • constant_identifier_names
   info • The constant name 'HE' isn't a lowerCamelCase identifier • lib/enums/enum_di_zhi.dart:185:3 • constant_identifier_names
   info • The constant name 'AN_HE' isn't a lowerCamelCase identifier • lib/enums/enum_di_zhi.dart:186:3 • constant_identifier_names
   info • The constant name 'SAN_HE' isn't a lowerCamelCase identifier • lib/enums/enum_di_zhi.dart:187:3 • constant_identifier_names
   info • The constant name 'HAI' isn't a lowerCamelCase identifier • lib/enums/enum_di_zhi.dart:189:3 • constant_identifier_names
   info • The constant name 'PO' isn't a lowerCamelCase identifier • lib/enums/enum_di_zhi.dart:190:3 • constant_identifier_names
   info • The constant name 'SHEN_DI_BAN_HE' isn't a lowerCamelCase identifier • lib/enums/enum_di_zhi.dart:191:3 • constant_identifier_names
   info • The constant name 'MU_DI_BAN_HE' isn't a lowerCamelCase identifier • lib/enums/enum_di_zhi.dart:192:3 • constant_identifier_names
   info • The constant name 'SAN_HUI' isn't a lowerCamelCase identifier • lib/enums/enum_di_zhi.dart:193:3 • constant_identifier_names
   info • The constant name 'ZI_CHOU' isn't a lowerCamelCase identifier • lib/enums/enum_di_zhi.dart:202:3 • constant_identifier_names
   info • The constant name 'YIN_HAI' isn't a lowerCamelCase identifier • lib/enums/enum_di_zhi.dart:203:3 • constant_identifier_names
   info • The constant name 'MAO_XU' isn't a lowerCamelCase identifier • lib/enums/enum_di_zhi.dart:204:3 • constant_identifier_names
   info • The constant name 'CHEN_YOU' isn't a lowerCamelCase identifier • lib/enums/enum_di_zhi.dart:205:3 • constant_identifier_names
   info • The constant name 'SI_SHEN' isn't a lowerCamelCase identifier • lib/enums/enum_di_zhi.dart:207:3 • constant_identifier_names
   info • The constant name 'WU_WEI' isn't a lowerCamelCase identifier • lib/enums/enum_di_zhi.dart:208:3 • constant_identifier_names
   info • The constant name 'ZI_MAO' isn't a lowerCamelCase identifier • lib/enums/enum_di_zhi.dart:262:3 • constant_identifier_names
   info • The constant name 'YIN_SI_SHEN' isn't a lowerCamelCase identifier • lib/enums/enum_di_zhi.dart:264:3 • constant_identifier_names
   info • The constant name 'CHOU_XU_WEI' isn't a lowerCamelCase identifier • lib/enums/enum_di_zhi.dart:268:3 • constant_identifier_names
   info • The constant name 'CHEN_CHEN' isn't a lowerCamelCase identifier • lib/enums/enum_di_zhi.dart:272:3 • constant_identifier_names
   info • The constant name 'WU_WU' isn't a lowerCamelCase identifier • lib/enums/enum_di_zhi.dart:273:3 • constant_identifier_names
   info • The constant name 'YOU_YOU' isn't a lowerCamelCase identifier • lib/enums/enum_di_zhi.dart:274:3 • constant_identifier_names
   info • The constant name 'HAI_HAI' isn't a lowerCamelCase identifier • lib/enums/enum_di_zhi.dart:275:3 • constant_identifier_names
warning • This default clause is covered by the previous cases • lib/enums/enum_di_zhi.dart:364:7 • unreachable_switch_default
   info • The constant name 'ZI_WU' isn't a lowerCamelCase identifier • lib/enums/enum_di_zhi.dart:398:3 • constant_identifier_names
   info • The constant name 'MAO_YOU' isn't a lowerCamelCase identifier • lib/enums/enum_di_zhi.dart:399:3 • constant_identifier_names
   info • The constant name 'YIN_SHEN' isn't a lowerCamelCase identifier • lib/enums/enum_di_zhi.dart:400:3 • constant_identifier_names
   info • The constant name 'SI_HAI' isn't a lowerCamelCase identifier • lib/enums/enum_di_zhi.dart:401:3 • constant_identifier_names
   info • The constant name 'CHEN_XU' isn't a lowerCamelCase identifier • lib/enums/enum_di_zhi.dart:402:3 • constant_identifier_names
   info • The constant name 'CHOU_WEI' isn't a lowerCamelCase identifier • lib/enums/enum_di_zhi.dart:403:3 • constant_identifier_names
   info • The constant name 'ZI_YOU' isn't a lowerCamelCase identifier • lib/enums/enum_di_zhi.dart:464:3 • constant_identifier_names
   info • The constant name 'MAO_WU' isn't a lowerCamelCase identifier • lib/enums/enum_di_zhi.dart:465:3 • constant_identifier_names
   info • The constant name 'YIN_HAI' isn't a lowerCamelCase identifier • lib/enums/enum_di_zhi.dart:467:3 • constant_identifier_names
   info • The constant name 'SI_SHEN' isn't a lowerCamelCase identifier • lib/enums/enum_di_zhi.dart:468:3 • constant_identifier_names
   info • The constant name 'WEI_XU' isn't a lowerCamelCase identifier • lib/enums/enum_di_zhi.dart:470:3 • constant_identifier_names
   info • The constant name 'CHOU_CHEN' isn't a lowerCamelCase identifier • lib/enums/enum_di_zhi.dart:471:3 • constant_identifier_names
   info • The constant name 'ZI_WEI' isn't a lowerCamelCase identifier • lib/enums/enum_di_zhi.dart:532:3 • constant_identifier_names
   info • The constant name 'CHOU_WU' isn't a lowerCamelCase identifier • lib/enums/enum_di_zhi.dart:533:3 • constant_identifier_names
   info • The constant name 'YIN_SI' isn't a lowerCamelCase identifier • lib/enums/enum_di_zhi.dart:535:3 • constant_identifier_names
   info • The constant name 'MAO_CHEN' isn't a lowerCamelCase identifier • lib/enums/enum_di_zhi.dart:536:3 • constant_identifier_names
   info • The constant name 'SI_HAI' isn't a lowerCamelCase identifier • lib/enums/enum_di_zhi.dart:538:3 • constant_identifier_names
   info • The constant name 'YOU_XU' isn't a lowerCamelCase identifier • lib/enums/enum_di_zhi.dart:539:3 • constant_identifier_names
   info • The constant name 'HAI_ZI_CHOU' isn't a lowerCamelCase identifier • lib/enums/enum_di_zhi.dart:595:3 • constant_identifier_names
   info • The constant name 'YIN_MAO_CHEN' isn't a lowerCamelCase identifier • lib/enums/enum_di_zhi.dart:599:3 • constant_identifier_names
   info • The constant name 'SI_WU_WEI' isn't a lowerCamelCase identifier • lib/enums/enum_di_zhi.dart:603:3 • constant_identifier_names
   info • The constant name 'SHEN_YOU_XU' isn't a lowerCamelCase identifier • lib/enums/enum_di_zhi.dart:607:3 • constant_identifier_names
   info • Missing type annotation • lib/enums/enum_di_zhi.dart:620:40 • strict_top_level_inference
   info • The variable name 'DiZhi' isn't a lowerCamelCase identifier • lib/enums/enum_di_zhi.dart:620:40 • non_constant_identifier_names
   info • The constant name 'Water' isn't a lowerCamelCase identifier • lib/enums/enum_di_zhi.dart:660:3 • constant_identifier_names
   info • The constant name 'Wood' isn't a lowerCamelCase identifier • lib/enums/enum_di_zhi.dart:664:3 • constant_identifier_names
   info • The constant name 'Fire' isn't a lowerCamelCase identifier • lib/enums/enum_di_zhi.dart:668:3 • constant_identifier_names
   info • The constant name 'Golden' isn't a lowerCamelCase identifier • lib/enums/enum_di_zhi.dart:672:3 • constant_identifier_names
   info • The constant name 'Meng' isn't a lowerCamelCase identifier • lib/enums/enum_di_zhi.dart:758:3 • constant_identifier_names
   info • The constant name 'Zhong' isn't a lowerCamelCase identifier • lib/enums/enum_di_zhi.dart:760:3 • constant_identifier_names
   info • The constant name 'Ji' isn't a lowerCamelCase identifier • lib/enums/enum_di_zhi.dart:762:3 • constant_identifier_names
   info • The constant name 'JIN' isn't a lowerCamelCase identifier • lib/enums/enum_five_xing.dart:5:3 • constant_identifier_names
   info • The constant name 'MU' isn't a lowerCamelCase identifier • lib/enums/enum_five_xing.dart:7:3 • constant_identifier_names
   info • The constant name 'SHUI' isn't a lowerCamelCase identifier • lib/enums/enum_five_xing.dart:9:3 • constant_identifier_names
   info • The constant name 'HUO' isn't a lowerCamelCase identifier • lib/enums/enum_five_xing.dart:11:3 • constant_identifier_names
   info • The constant name 'TU' isn't a lowerCamelCase identifier • lib/enums/enum_five_xing.dart:13:3 • constant_identifier_names
   info • The constant name 'SHENG' isn't a lowerCamelCase identifier • lib/enums/enum_five_xing_relationship.dart:6:3 • constant_identifier_names
   info • The constant name 'KE' isn't a lowerCamelCase identifier • lib/enums/enum_five_xing_relationship.dart:7:3 • constant_identifier_names
   info • The constant name 'XIE' isn't a lowerCamelCase identifier • lib/enums/enum_five_xing_relationship.dart:8:3 • constant_identifier_names
   info • The constant name 'HAO' isn't a lowerCamelCase identifier • lib/enums/enum_five_xing_relationship.dart:9:3 • constant_identifier_names
   info • The constant name 'TONG' isn't a lowerCamelCase identifier • lib/enums/enum_five_xing_relationship.dart:10:3 • constant_identifier_names
   info • The constant name 'WANG' isn't a lowerCamelCase identifier • lib/enums/enum_five_xing_relationship.dart:75:3 • constant_identifier_names
   info • The constant name 'XIANG' isn't a lowerCamelCase identifier • lib/enums/enum_five_xing_relationship.dart:76:3 • constant_identifier_names
   info • The constant name 'XIU' isn't a lowerCamelCase identifier • lib/enums/enum_five_xing_relationship.dart:77:3 • constant_identifier_names
   info • The constant name 'QIU' isn't a lowerCamelCase identifier • lib/enums/enum_five_xing_relationship.dart:78:3 • constant_identifier_names
   info • The constant name 'SI' isn't a lowerCamelCase identifier • lib/enums/enum_five_xing_relationship.dart:79:3 • constant_identifier_names
   info • The constant name 'SPRING' isn't a lowerCamelCase identifier • lib/enums/enum_four_seasons.dart:7:3 • constant_identifier_names
   info • The constant name 'SUMMER' isn't a lowerCamelCase identifier • lib/enums/enum_four_seasons.dart:9:3 • constant_identifier_names
   info • The constant name 'AUTUMN' isn't a lowerCamelCase identifier • lib/enums/enum_four_seasons.dart:11:3 • constant_identifier_names
   info • The constant name 'WINTER' isn't a lowerCamelCase identifier • lib/enums/enum_four_seasons.dart:13:3 • constant_identifier_names
   info • The constant name 'EARTH' isn't a lowerCamelCase identifier • lib/enums/enum_four_seasons.dart:15:3 • constant_identifier_names
   info • The constant name 'Qian' isn't a lowerCamelCase identifier • lib/enums/enum_hou_tian_gua.dart:8:3 • constant_identifier_names
   info • The constant name 'Dui' isn't a lowerCamelCase identifier • lib/enums/enum_hou_tian_gua.dart:10:3 • constant_identifier_names
   info • The constant name 'Li' isn't a lowerCamelCase identifier • lib/enums/enum_hou_tian_gua.dart:12:3 • constant_identifier_names
   info • The constant name 'Zhen' isn't a lowerCamelCase identifier • lib/enums/enum_hou_tian_gua.dart:14:3 • constant_identifier_names
   info • The constant name 'Xun' isn't a lowerCamelCase identifier • lib/enums/enum_hou_tian_gua.dart:16:3 • constant_identifier_names
   info • The constant name 'Kan' isn't a lowerCamelCase identifier • lib/enums/enum_hou_tian_gua.dart:18:3 • constant_identifier_names
   info • The constant name 'Gen' isn't a lowerCamelCase identifier • lib/enums/enum_hou_tian_gua.dart:20:3 • constant_identifier_names
   info • The constant name 'Kun' isn't a lowerCamelCase identifier • lib/enums/enum_hou_tian_gua.dart:22:3 • constant_identifier_names
   info • The constant name 'Qian' isn't a lowerCamelCase identifier • lib/enums/enum_hou_tian_gua.dart:32:3 • constant_identifier_names
   info • The constant name 'Dui' isn't a lowerCamelCase identifier • lib/enums/enum_hou_tian_gua.dart:34:3 • constant_identifier_names
   info • The constant name 'Li' isn't a lowerCamelCase identifier • lib/enums/enum_hou_tian_gua.dart:36:3 • constant_identifier_names
   info • The constant name 'Zhen' isn't a lowerCamelCase identifier • lib/enums/enum_hou_tian_gua.dart:38:3 • constant_identifier_names
   info • The constant name 'Xun' isn't a lowerCamelCase identifier • lib/enums/enum_hou_tian_gua.dart:40:3 • constant_identifier_names
   info • The constant name 'Kan' isn't a lowerCamelCase identifier • lib/enums/enum_hou_tian_gua.dart:42:3 • constant_identifier_names
   info • The constant name 'Gen' isn't a lowerCamelCase identifier • lib/enums/enum_hou_tian_gua.dart:44:3 • constant_identifier_names
   info • The constant name 'Kun' isn't a lowerCamelCase identifier • lib/enums/enum_hou_tian_gua.dart:46:3 • constant_identifier_names
   info • The constant name 'Kan' isn't a lowerCamelCase identifier • lib/enums/enum_hou_tian_gua.dart:96:3 • constant_identifier_names
   info • The constant name 'Kun' isn't a lowerCamelCase identifier • lib/enums/enum_hou_tian_gua.dart:98:3 • constant_identifier_names
   info • The constant name 'Zhen' isn't a lowerCamelCase identifier • lib/enums/enum_hou_tian_gua.dart:100:3 • constant_identifier_names
   info • The constant name 'Xun' isn't a lowerCamelCase identifier • lib/enums/enum_hou_tian_gua.dart:102:3 • constant_identifier_names
   info • The constant name 'Center' isn't a lowerCamelCase identifier • lib/enums/enum_hou_tian_gua.dart:105:3 • constant_identifier_names
   info • The constant name 'Qian' isn't a lowerCamelCase identifier • lib/enums/enum_hou_tian_gua.dart:108:3 • constant_identifier_names
   info • The constant name 'Dui' isn't a lowerCamelCase identifier • lib/enums/enum_hou_tian_gua.dart:110:3 • constant_identifier_names
   info • The constant name 'Gen' isn't a lowerCamelCase identifier • lib/enums/enum_hou_tian_gua.dart:112:3 • constant_identifier_names
   info • The constant name 'Li' isn't a lowerCamelCase identifier • lib/enums/enum_hou_tian_gua.dart:114:3 • constant_identifier_names
warning • Dead code • lib/enums/enum_hou_tian_gua.dart:196:9 • dead_code
warning • The label 'defaule' isn't used • lib/enums/enum_hou_tian_gua.dart:196:9 • unused_label
   info • The constant name 'DA_JI' isn't a lowerCamelCase identifier • lib/enums/enum_ji_xiong.dart:5:3 • constant_identifier_names
   info • The constant name 'JI' isn't a lowerCamelCase identifier • lib/enums/enum_ji_xiong.dart:7:3 • constant_identifier_names
   info • The constant name 'XIAO_JI' isn't a lowerCamelCase identifier • lib/enums/enum_ji_xiong.dart:9:3 • constant_identifier_names
   info • The constant name 'PING' isn't a lowerCamelCase identifier • lib/enums/enum_ji_xiong.dart:11:3 • constant_identifier_names
   info • The constant name 'XIAO_XIONG' isn't a lowerCamelCase identifier • lib/enums/enum_ji_xiong.dart:13:3 • constant_identifier_names
   info • The constant name 'XIONG' isn't a lowerCamelCase identifier • lib/enums/enum_ji_xiong.dart:15:3 • constant_identifier_names
   info • The constant name 'DA_XIONG' isn't a lowerCamelCase identifier • lib/enums/enum_ji_xiong.dart:17:3 • constant_identifier_names
   info • The constant name 'WEI_ZHI' isn't a lowerCamelCase identifier • lib/enums/enum_ji_xiong.dart:19:3 • constant_identifier_names
warning • Unused import: 'package:common/module.dart' • lib/enums/enum_jia_zi.dart:1:8 • unused_import
warning • Duplicate import • lib/enums/enum_jia_zi.dart:9:8 • duplicate_import
   info • The constant name 'HAI_ZHONG_JIN' isn't a lowerCamelCase identifier • lib/enums/enum_jia_zi.dart:12:3 • constant_identifier_names
   info • The constant name 'LU_ZHONG_HUO' isn't a lowerCamelCase identifier • lib/enums/enum_jia_zi.dart:13:3 • constant_identifier_names
   info • The constant name 'DA_LIN_MU' isn't a lowerCamelCase identifier • lib/enums/enum_jia_zi.dart:14:3 • constant_identifier_names
   info • The constant name 'LU_PANG_TU' isn't a lowerCamelCase identifier • lib/enums/enum_jia_zi.dart:15:3 • constant_identifier_names
   info • The constant name 'JIAN_FENG_JIN' isn't a lowerCamelCase identifier • lib/enums/enum_jia_zi.dart:16:3 • constant_identifier_names
   info • The constant name 'SHAN_TOU_HUO' isn't a lowerCamelCase identifier • lib/enums/enum_jia_zi.dart:17:3 • constant_identifier_names
   info • The constant name 'JIAN_XIA_SHUI' isn't a lowerCamelCase identifier • lib/enums/enum_jia_zi.dart:18:3 • constant_identifier_names
   info • The constant name 'CHENG_TOU_TU' isn't a lowerCamelCase identifier • lib/enums/enum_jia_zi.dart:19:3 • constant_identifier_names
   info • The constant name 'BAI_LA_JIN' isn't a lowerCamelCase identifier • lib/enums/enum_jia_zi.dart:20:3 • constant_identifier_names
   info • The constant name 'YANG_LIU_MU' isn't a lowerCamelCase identifier • lib/enums/enum_jia_zi.dart:21:3 • constant_identifier_names
   info • The constant name 'QUAN_ZHONG_SHUI' isn't a lowerCamelCase identifier • lib/enums/enum_jia_zi.dart:22:3 • constant_identifier_names
   info • The constant name 'WU_SHANG_TU' isn't a lowerCamelCase identifier • lib/enums/enum_jia_zi.dart:23:3 • constant_identifier_names
   info • The constant name 'PI_LI_HUO' isn't a lowerCamelCase identifier • lib/enums/enum_jia_zi.dart:24:3 • constant_identifier_names
   info • The constant name 'SONG_BAI_MU' isn't a lowerCamelCase identifier • lib/enums/enum_jia_zi.dart:25:3 • constant_identifier_names
   info • The constant name 'CHANG_LIU_SHUI' isn't a lowerCamelCase identifier • lib/enums/enum_jia_zi.dart:26:3 • constant_identifier_names
   info • The constant name 'SHA_ZHONG_JIN' isn't a lowerCamelCase identifier • lib/enums/enum_jia_zi.dart:27:3 • constant_identifier_names
   info • The constant name 'SHAN_XIA_HUO' isn't a lowerCamelCase identifier • lib/enums/enum_jia_zi.dart:28:3 • constant_identifier_names
   info • The constant name 'PING_DI_MU' isn't a lowerCamelCase identifier • lib/enums/enum_jia_zi.dart:29:3 • constant_identifier_names
   info • The constant name 'BI_SHANG_TU' isn't a lowerCamelCase identifier • lib/enums/enum_jia_zi.dart:30:3 • constant_identifier_names
   info • The constant name 'JIN_BO_JIN' isn't a lowerCamelCase identifier • lib/enums/enum_jia_zi.dart:31:3 • constant_identifier_names
   info • The constant name 'FU_DENG_HUO' isn't a lowerCamelCase identifier • lib/enums/enum_jia_zi.dart:32:3 • constant_identifier_names
   info • The constant name 'TIAN_HE_SHUI' isn't a lowerCamelCase identifier • lib/enums/enum_jia_zi.dart:33:3 • constant_identifier_names
   info • The constant name 'DA_YI_TU' isn't a lowerCamelCase identifier • lib/enums/enum_jia_zi.dart:34:3 • constant_identifier_names
   info • The constant name 'CHAI_CHUAN_JIN' isn't a lowerCamelCase identifier • lib/enums/enum_jia_zi.dart:35:3 • constant_identifier_names
   info • The constant name 'SANG_ZHE_MU' isn't a lowerCamelCase identifier • lib/enums/enum_jia_zi.dart:36:3 • constant_identifier_names
   info • The constant name 'DA_XI_SHUI' isn't a lowerCamelCase identifier • lib/enums/enum_jia_zi.dart:37:3 • constant_identifier_names
   info • The constant name 'SHA_ZHONG_TU' isn't a lowerCamelCase identifier • lib/enums/enum_jia_zi.dart:38:3 • constant_identifier_names
   info • The constant name 'TIAN_SHANG_HUO' isn't a lowerCamelCase identifier • lib/enums/enum_jia_zi.dart:39:3 • constant_identifier_names
   info • The constant name 'SHI_LIU_MU' isn't a lowerCamelCase identifier • lib/enums/enum_jia_zi.dart:40:3 • constant_identifier_names
   info • The constant name 'DA_HAI_SHUI' isn't a lowerCamelCase identifier • lib/enums/enum_jia_zi.dart:41:3 • constant_identifier_names
   info • The constant name 'nayin_fivexing_mapper' isn't a lowerCamelCase identifier • lib/enums/enum_jia_zi.dart:206:45 • constant_identifier_names
   info • The constant name 'JIA_ZI' isn't a lowerCamelCase identifier • lib/enums/enum_jia_zi.dart:242:3 • constant_identifier_names
   info • The constant name 'YI_CHOU' isn't a lowerCamelCase identifier • lib/enums/enum_jia_zi.dart:244:3 • constant_identifier_names
   info • The constant name 'BING_YIN' isn't a lowerCamelCase identifier • lib/enums/enum_jia_zi.dart:246:3 • constant_identifier_names
   info • The constant name 'DING_MAO' isn't a lowerCamelCase identifier • lib/enums/enum_jia_zi.dart:248:3 • constant_identifier_names
   info • The constant name 'WU_CHEN' isn't a lowerCamelCase identifier • lib/enums/enum_jia_zi.dart:250:3 • constant_identifier_names
   info • The constant name 'JI_SI' isn't a lowerCamelCase identifier • lib/enums/enum_jia_zi.dart:253:3 • constant_identifier_names
   info • The constant name 'GENG_WU' isn't a lowerCamelCase identifier • lib/enums/enum_jia_zi.dart:255:3 • constant_identifier_names
   info • The constant name 'XIN_WEI' isn't a lowerCamelCase identifier • lib/enums/enum_jia_zi.dart:257:3 • constant_identifier_names
   info • The constant name 'REN_SHEN' isn't a lowerCamelCase identifier • lib/enums/enum_jia_zi.dart:259:3 • constant_identifier_names
   info • The constant name 'GUI_YOU' isn't a lowerCamelCase identifier • lib/enums/enum_jia_zi.dart:261:3 • constant_identifier_names
   info • The constant name 'JIA_XU' isn't a lowerCamelCase identifier • lib/enums/enum_jia_zi.dart:264:3 • constant_identifier_names
   info • The constant name 'YI_HAI' isn't a lowerCamelCase identifier • lib/enums/enum_jia_zi.dart:266:3 • constant_identifier_names
   info • The constant name 'BING_ZI' isn't a lowerCamelCase identifier • lib/enums/enum_jia_zi.dart:268:3 • constant_identifier_names
   info • The constant name 'DING_CHOU' isn't a lowerCamelCase identifier • lib/enums/enum_jia_zi.dart:270:3 • constant_identifier_names
   info • The constant name 'WU_YIN' isn't a lowerCamelCase identifier • lib/enums/enum_jia_zi.dart:272:3 • constant_identifier_names
   info • The constant name 'JI_MAO' isn't a lowerCamelCase identifier • lib/enums/enum_jia_zi.dart:275:3 • constant_identifier_names
   info • The constant name 'GENG_CHEN' isn't a lowerCamelCase identifier • lib/enums/enum_jia_zi.dart:277:3 • constant_identifier_names
   info • The constant name 'XIN_SI' isn't a lowerCamelCase identifier • lib/enums/enum_jia_zi.dart:279:3 • constant_identifier_names
   info • The constant name 'REN_WU' isn't a lowerCamelCase identifier • lib/enums/enum_jia_zi.dart:281:3 • constant_identifier_names
   info • The constant name 'GUI_WEI' isn't a lowerCamelCase identifier • lib/enums/enum_jia_zi.dart:283:3 • constant_identifier_names
   info • The constant name 'JIA_SHEN' isn't a lowerCamelCase identifier • lib/enums/enum_jia_zi.dart:286:3 • constant_identifier_names
   info • The constant name 'YI_YOU' isn't a lowerCamelCase identifier • lib/enums/enum_jia_zi.dart:288:3 • constant_identifier_names
   info • The constant name 'BING_XU' isn't a lowerCamelCase identifier • lib/enums/enum_jia_zi.dart:290:3 • constant_identifier_names
   info • The constant name 'DING_HAI' isn't a lowerCamelCase identifier • lib/enums/enum_jia_zi.dart:292:3 • constant_identifier_names
   info • The constant name 'WU_ZI' isn't a lowerCamelCase identifier • lib/enums/enum_jia_zi.dart:294:3 • constant_identifier_names
   info • The constant name 'JI_CHOU' isn't a lowerCamelCase identifier • lib/enums/enum_jia_zi.dart:296:3 • constant_identifier_names
   info • The constant name 'GENG_YIN' isn't a lowerCamelCase identifier • lib/enums/enum_jia_zi.dart:298:3 • constant_identifier_names
   info • The constant name 'XIN_MAO' isn't a lowerCamelCase identifier • lib/enums/enum_jia_zi.dart:300:3 • constant_identifier_names
   info • The constant name 'REN_CHEN' isn't a lowerCamelCase identifier • lib/enums/enum_jia_zi.dart:302:3 • constant_identifier_names
   info • The constant name 'GUI_SI' isn't a lowerCamelCase identifier • lib/enums/enum_jia_zi.dart:304:3 • constant_identifier_names
   info • The constant name 'JIA_WU' isn't a lowerCamelCase identifier • lib/enums/enum_jia_zi.dart:307:3 • constant_identifier_names
   info • The constant name 'YI_WEI' isn't a lowerCamelCase identifier • lib/enums/enum_jia_zi.dart:309:3 • constant_identifier_names
   info • The constant name 'BING_SHEN' isn't a lowerCamelCase identifier • lib/enums/enum_jia_zi.dart:311:3 • constant_identifier_names
   info • The constant name 'DING_YOU' isn't a lowerCamelCase identifier • lib/enums/enum_jia_zi.dart:313:3 • constant_identifier_names
   info • The constant name 'WU_XU' isn't a lowerCamelCase identifier • lib/enums/enum_jia_zi.dart:315:3 • constant_identifier_names
   info • The constant name 'JI_HAI' isn't a lowerCamelCase identifier • lib/enums/enum_jia_zi.dart:317:3 • constant_identifier_names
   info • The constant name 'GENG_ZI' isn't a lowerCamelCase identifier • lib/enums/enum_jia_zi.dart:319:3 • constant_identifier_names
   info • The constant name 'XIN_CHOU' isn't a lowerCamelCase identifier • lib/enums/enum_jia_zi.dart:321:3 • constant_identifier_names
   info • The constant name 'REN_YIN' isn't a lowerCamelCase identifier • lib/enums/enum_jia_zi.dart:323:3 • constant_identifier_names
   info • The constant name 'GUI_MAO' isn't a lowerCamelCase identifier • lib/enums/enum_jia_zi.dart:325:3 • constant_identifier_names
   info • The constant name 'JIA_CHEN' isn't a lowerCamelCase identifier • lib/enums/enum_jia_zi.dart:328:3 • constant_identifier_names
   info • The constant name 'YI_SI' isn't a lowerCamelCase identifier • lib/enums/enum_jia_zi.dart:330:3 • constant_identifier_names
   info • The constant name 'BING_WU' isn't a lowerCamelCase identifier • lib/enums/enum_jia_zi.dart:332:3 • constant_identifier_names
   info • The constant name 'DING_WEI' isn't a lowerCamelCase identifier • lib/enums/enum_jia_zi.dart:334:3 • constant_identifier_names
   info • The constant name 'WU_SHEN' isn't a lowerCamelCase identifier • lib/enums/enum_jia_zi.dart:336:3 • constant_identifier_names
   info • The constant name 'JI_YOU' isn't a lowerCamelCase identifier • lib/enums/enum_jia_zi.dart:339:3 • constant_identifier_names
   info • The constant name 'GENG_XU' isn't a lowerCamelCase identifier • lib/enums/enum_jia_zi.dart:341:3 • constant_identifier_names
   info • The constant name 'XIN_HAI' isn't a lowerCamelCase identifier • lib/enums/enum_jia_zi.dart:343:3 • constant_identifier_names
   info • The constant name 'REN_ZI' isn't a lowerCamelCase identifier • lib/enums/enum_jia_zi.dart:345:3 • constant_identifier_names
   info • The constant name 'GUI_CHOU' isn't a lowerCamelCase identifier • lib/enums/enum_jia_zi.dart:347:3 • constant_identifier_names
   info • The constant name 'JIA_YIN' isn't a lowerCamelCase identifier • lib/enums/enum_jia_zi.dart:350:3 • constant_identifier_names
   info • The constant name 'YI_MAO' isn't a lowerCamelCase identifier • lib/enums/enum_jia_zi.dart:352:3 • constant_identifier_names
   info • The constant name 'BING_CHEN' isn't a lowerCamelCase identifier • lib/enums/enum_jia_zi.dart:354:3 • constant_identifier_names
   info • The constant name 'DING_SI' isn't a lowerCamelCase identifier • lib/enums/enum_jia_zi.dart:356:3 • constant_identifier_names
   info • The constant name 'WU_WU' isn't a lowerCamelCase identifier • lib/enums/enum_jia_zi.dart:358:3 • constant_identifier_names
   info • The constant name 'JI_WEI' isn't a lowerCamelCase identifier • lib/enums/enum_jia_zi.dart:360:3 • constant_identifier_names
   info • The constant name 'GENG_SHEN' isn't a lowerCamelCase identifier • lib/enums/enum_jia_zi.dart:362:3 • constant_identifier_names
   info • The constant name 'XIN_YOU' isn't a lowerCamelCase identifier • lib/enums/enum_jia_zi.dart:364:3 • constant_identifier_names
   info • The constant name 'REN_XU' isn't a lowerCamelCase identifier • lib/enums/enum_jia_zi.dart:366:3 • constant_identifier_names
   info • The constant name 'GUI_HAI' isn't a lowerCamelCase identifier • lib/enums/enum_jia_zi.dart:368:3 • constant_identifier_names
   info • The constant name 'JI_SHEN' isn't a lowerCamelCase identifier • lib/enums/enum_liu_qin.dart:9:3 • constant_identifier_names
   info • The constant name 'XIONG_DI' isn't a lowerCamelCase identifier • lib/enums/enum_liu_qin.dart:12:3 • constant_identifier_names
   info • The constant name 'FU_MU' isn't a lowerCamelCase identifier • lib/enums/enum_liu_qin.dart:15:3 • constant_identifier_names
   info • The constant name 'QI_CAI' isn't a lowerCamelCase identifier • lib/enums/enum_liu_qin.dart:18:3 • constant_identifier_names
   info • The constant name 'GUAN_GUI' isn't a lowerCamelCase identifier • lib/enums/enum_liu_qin.dart:21:3 • constant_identifier_names
   info • The constant name 'ZI_SUN' isn't a lowerCamelCase identifier • lib/enums/enum_liu_qin.dart:24:3 • constant_identifier_names
   info • The constant name 'HAI_ZHENG_MING' isn't a lowerCamelCase identifier • lib/enums/enum_month_general.dart:7:3 • constant_identifier_names
   info • The constant name 'XU_TIAN_KUI' isn't a lowerCamelCase identifier • lib/enums/enum_month_general.dart:13:3 • constant_identifier_names
   info • The constant name 'YOU_CONG_KUI' isn't a lowerCamelCase identifier • lib/enums/enum_month_general.dart:19:3 • constant_identifier_names
   info • The constant name 'SHEN_CHUAN_SONG' isn't a lowerCamelCase identifier • lib/enums/enum_month_general.dart:25:3 • constant_identifier_names
   info • The constant name 'WEI_XIAO_JI' isn't a lowerCamelCase identifier • lib/enums/enum_month_general.dart:31:3 • constant_identifier_names
   info • The constant name 'WU_SHENG_GUANG' isn't a lowerCamelCase identifier • lib/enums/enum_month_general.dart:37:3 • constant_identifier_names
   info • The constant name 'SI_TAI_YI' isn't a lowerCamelCase identifier • lib/enums/enum_month_general.dart:43:3 • constant_identifier_names
   info • The constant name 'CHEN_TIAN_GANG' isn't a lowerCamelCase identifier • lib/enums/enum_month_general.dart:49:3 • constant_identifier_names
   info • The constant name 'MAO_TAI_CHONG' isn't a lowerCamelCase identifier • lib/enums/enum_month_general.dart:55:3 • constant_identifier_names
   info • The constant name 'YIN_GONG_CAO' isn't a lowerCamelCase identifier • lib/enums/enum_month_general.dart:61:3 • constant_identifier_names
   info • The constant name 'CHOU_DA_JI' isn't a lowerCamelCase identifier • lib/enums/enum_month_general.dart:67:3 • constant_identifier_names
   info • The constant name 'ZI_SHEN_HOU' isn't a lowerCamelCase identifier • lib/enums/enum_month_general.dart:73:3 • constant_identifier_names
   info • The constant name 'ZI' isn't a lowerCamelCase identifier • lib/enums/enum_month_token.dart:7:3 • constant_identifier_names
   info • The constant name 'CHOU' isn't a lowerCamelCase identifier • lib/enums/enum_month_token.dart:8:3 • constant_identifier_names
   info • The constant name 'YIN' isn't a lowerCamelCase identifier • lib/enums/enum_month_token.dart:9:3 • constant_identifier_names
   info • The constant name 'MAO' isn't a lowerCamelCase identifier • lib/enums/enum_month_token.dart:10:3 • constant_identifier_names
   info • The constant name 'CHEN' isn't a lowerCamelCase identifier • lib/enums/enum_month_token.dart:11:3 • constant_identifier_names
   info • The constant name 'SI' isn't a lowerCamelCase identifier • lib/enums/enum_month_token.dart:12:3 • constant_identifier_names
   info • The constant name 'WU' isn't a lowerCamelCase identifier • lib/enums/enum_month_token.dart:13:3 • constant_identifier_names
   info • The constant name 'WEI' isn't a lowerCamelCase identifier • lib/enums/enum_month_token.dart:14:3 • constant_identifier_names
   info • The constant name 'SHEN' isn't a lowerCamelCase identifier • lib/enums/enum_month_token.dart:15:3 • constant_identifier_names
   info • The constant name 'YOU' isn't a lowerCamelCase identifier • lib/enums/enum_month_token.dart:16:3 • constant_identifier_names
   info • The constant name 'XU' isn't a lowerCamelCase identifier • lib/enums/enum_month_token.dart:17:3 • constant_identifier_names
   info • The constant name 'HAI' isn't a lowerCamelCase identifier • lib/enums/enum_month_token.dart:18:3 • constant_identifier_names
   info • The import of 'enum_five_xing.dart' is unnecessary because all of the used elements are also provided by the import of 'package:common/enums.dart' • lib/enums/enum_stars.dart:4:8 • unnecessary_import
   info • The import of 'enum_yin_yang.dart' is unnecessary because all of the used elements are also provided by the import of 'package:common/enums.dart' • lib/enums/enum_stars.dart:5:8 • unnecessary_import
   info • The constant name 'Sun' isn't a lowerCamelCase identifier • lib/enums/enum_stars.dart:9:3 • constant_identifier_names
   info • The constant name 'Moon' isn't a lowerCamelCase identifier • lib/enums/enum_stars.dart:11:3 • constant_identifier_names
   info • The constant name 'Mercury' isn't a lowerCamelCase identifier • lib/enums/enum_stars.dart:13:3 • constant_identifier_names
   info • The constant name 'Mars' isn't a lowerCamelCase identifier • lib/enums/enum_stars.dart:15:3 • constant_identifier_names
   info • The constant name 'Saturn' isn't a lowerCamelCase identifier • lib/enums/enum_stars.dart:17:3 • constant_identifier_names
   info • The constant name 'Venus' isn't a lowerCamelCase identifier • lib/enums/enum_stars.dart:19:3 • constant_identifier_names
   info • The constant name 'Jupiter' isn't a lowerCamelCase identifier • lib/enums/enum_stars.dart:21:3 • constant_identifier_names
   info • The constant name 'Qi' isn't a lowerCamelCase identifier • lib/enums/enum_stars.dart:23:3 • constant_identifier_names
   info • The constant name 'Luo' isn't a lowerCamelCase identifier • lib/enums/enum_stars.dart:25:3 • constant_identifier_names
   info • The constant name 'Ji' isn't a lowerCamelCase identifier • lib/enums/enum_stars.dart:27:3 • constant_identifier_names
   info • The constant name 'Bei' isn't a lowerCamelCase identifier • lib/enums/enum_stars.dart:29:3 • constant_identifier_names
   info • The constant name 'Primary' isn't a lowerCamelCase identifier • lib/enums/enum_stars.dart:137:3 • constant_identifier_names
   info • The constant name 'Secondary' isn't a lowerCamelCase identifier • lib/enums/enum_stars.dart:138:3 • constant_identifier_names
   info • The constant name 'Normal' isn't a lowerCamelCase identifier • lib/enums/enum_stars.dart:139:3 • constant_identifier_names
   info • The constant name 'Lowest' isn't a lowerCamelCase identifier • lib/enums/enum_stars.dart:140:3 • constant_identifier_names
   info • The constant name 'ZhenCai' isn't a lowerCamelCase identifier • lib/enums/enum_ten_gods.dart:2:3 • constant_identifier_names
   info • The constant name 'PanCai' isn't a lowerCamelCase identifier • lib/enums/enum_ten_gods.dart:3:3 • constant_identifier_names
   info • The constant name 'ZhengYin' isn't a lowerCamelCase identifier • lib/enums/enum_ten_gods.dart:4:3 • constant_identifier_names
   info • The constant name 'PanYin' isn't a lowerCamelCase identifier • lib/enums/enum_ten_gods.dart:5:3 • constant_identifier_names
   info • The constant name 'ShiShen' isn't a lowerCamelCase identifier • lib/enums/enum_ten_gods.dart:6:3 • constant_identifier_names
   info • The constant name 'ShangGuan' isn't a lowerCamelCase identifier • lib/enums/enum_ten_gods.dart:7:3 • constant_identifier_names
   info • The constant name 'ZhengGuan' isn't a lowerCamelCase identifier • lib/enums/enum_ten_gods.dart:8:3 • constant_identifier_names
   info • The constant name 'PanGuan' isn't a lowerCamelCase identifier • lib/enums/enum_ten_gods.dart:9:3 • constant_identifier_names
   info • The constant name 'BiJian' isn't a lowerCamelCase identifier • lib/enums/enum_ten_gods.dart:10:3 • constant_identifier_names
   info • The constant name 'JieCai' isn't a lowerCamelCase identifier • lib/enums/enum_ten_gods.dart:11:3 • constant_identifier_names
warning • The declaration '_yuanYunOrderMap' isn't referenced • lib/enums/enum_three_yuan.dart:64:33 • unused_element
warning • The declaration '_nineYunMap' isn't referenced • lib/enums/enum_three_yuan.dart:70:28 • unused_element
   info • The constant name 'JIA' isn't a lowerCamelCase identifier • lib/enums/enum_tian_gan.dart:11:3 • constant_identifier_names
   info • The constant name 'YI' isn't a lowerCamelCase identifier • lib/enums/enum_tian_gan.dart:13:3 • constant_identifier_names
   info • The constant name 'BING' isn't a lowerCamelCase identifier • lib/enums/enum_tian_gan.dart:15:3 • constant_identifier_names
   info • The constant name 'DING' isn't a lowerCamelCase identifier • lib/enums/enum_tian_gan.dart:17:3 • constant_identifier_names
   info • The constant name 'WU' isn't a lowerCamelCase identifier • lib/enums/enum_tian_gan.dart:19:3 • constant_identifier_names
   info • The constant name 'JI' isn't a lowerCamelCase identifier • lib/enums/enum_tian_gan.dart:21:3 • constant_identifier_names
   info • The constant name 'GENG' isn't a lowerCamelCase identifier • lib/enums/enum_tian_gan.dart:23:3 • constant_identifier_names
   info • The constant name 'XIN' isn't a lowerCamelCase identifier • lib/enums/enum_tian_gan.dart:25:3 • constant_identifier_names
   info • The constant name 'REN' isn't a lowerCamelCase identifier • lib/enums/enum_tian_gan.dart:27:3 • constant_identifier_names
   info • The constant name 'GUI' isn't a lowerCamelCase identifier • lib/enums/enum_tian_gan.dart:29:3 • constant_identifier_names
   info • The constant name 'KONG_WANG' isn't a lowerCamelCase identifier • lib/enums/enum_tian_gan.dart:31:3 • constant_identifier_names
   info • The constant name 'JIA_JI' isn't a lowerCamelCase identifier • lib/enums/enum_tian_gan.dart:197:3 • constant_identifier_names
   info • The constant name 'GENG_YI' isn't a lowerCamelCase identifier • lib/enums/enum_tian_gan.dart:198:3 • constant_identifier_names
   info • The constant name 'BING_XIN' isn't a lowerCamelCase identifier • lib/enums/enum_tian_gan.dart:199:3 • constant_identifier_names
   info • The constant name 'WU_GUI' isn't a lowerCamelCase identifier • lib/enums/enum_tian_gan.dart:200:3 • constant_identifier_names
   info • The constant name 'REN_DING' isn't a lowerCamelCase identifier • lib/enums/enum_tian_gan.dart:201:3 • constant_identifier_names
   info • The constant name 'ARI' isn't a lowerCamelCase identifier • lib/enums/enum_twelve_ecliptic_gong.dart:8:3 • constant_identifier_names
   info • The constant name 'TAU' isn't a lowerCamelCase identifier • lib/enums/enum_twelve_ecliptic_gong.dart:9:3 • constant_identifier_names
   info • The constant name 'GEM' isn't a lowerCamelCase identifier • lib/enums/enum_twelve_ecliptic_gong.dart:10:3 • constant_identifier_names
   info • The constant name 'CAN' isn't a lowerCamelCase identifier • lib/enums/enum_twelve_ecliptic_gong.dart:11:3 • constant_identifier_names
   info • The constant name 'LEO' isn't a lowerCamelCase identifier • lib/enums/enum_twelve_ecliptic_gong.dart:12:3 • constant_identifier_names
   info • The constant name 'VIR' isn't a lowerCamelCase identifier • lib/enums/enum_twelve_ecliptic_gong.dart:13:3 • constant_identifier_names
   info • The constant name 'LIB' isn't a lowerCamelCase identifier • lib/enums/enum_twelve_ecliptic_gong.dart:14:3 • constant_identifier_names
   info • The constant name 'SCO' isn't a lowerCamelCase identifier • lib/enums/enum_twelve_ecliptic_gong.dart:15:3 • constant_identifier_names
   info • The constant name 'SAG' isn't a lowerCamelCase identifier • lib/enums/enum_twelve_ecliptic_gong.dart:16:3 • constant_identifier_names
   info • The constant name 'CAP' isn't a lowerCamelCase identifier • lib/enums/enum_twelve_ecliptic_gong.dart:17:3 • constant_identifier_names
   info • The constant name 'AQU' isn't a lowerCamelCase identifier • lib/enums/enum_twelve_ecliptic_gong.dart:18:3 • constant_identifier_names
   info • The constant name 'PIS' isn't a lowerCamelCase identifier • lib/enums/enum_twelve_ecliptic_gong.dart:19:3 • constant_identifier_names
   info • The constant name 'Jiang_Lou' isn't a lowerCamelCase identifier • lib/enums/enum_twelve_star_seq.dart:6:3 • constant_identifier_names
   info • The constant name 'Da_Liang' isn't a lowerCamelCase identifier • lib/enums/enum_twelve_star_seq.dart:7:3 • constant_identifier_names
   info • The constant name 'Shi_Shen' isn't a lowerCamelCase identifier • lib/enums/enum_twelve_star_seq.dart:8:3 • constant_identifier_names
   info • The constant name 'Chun_Shou' isn't a lowerCamelCase identifier • lib/enums/enum_twelve_star_seq.dart:9:3 • constant_identifier_names
   info • The constant name 'Chun_Huo' isn't a lowerCamelCase identifier • lib/enums/enum_twelve_star_seq.dart:10:3 • constant_identifier_names
   info • The constant name 'Chun_Wei' isn't a lowerCamelCase identifier • lib/enums/enum_twelve_star_seq.dart:11:3 • constant_identifier_names
   info • The constant name 'Shou_Xing' isn't a lowerCamelCase identifier • lib/enums/enum_twelve_star_seq.dart:12:3 • constant_identifier_names
   info • The constant name 'Da_Huo' isn't a lowerCamelCase identifier • lib/enums/enum_twelve_star_seq.dart:13:3 • constant_identifier_names
   info • The constant name 'Xi_Mu' isn't a lowerCamelCase identifier • lib/enums/enum_twelve_star_seq.dart:14:3 • constant_identifier_names
   info • The constant name 'Xing_Ji' isn't a lowerCamelCase identifier • lib/enums/enum_twelve_star_seq.dart:15:3 • constant_identifier_names
   info • The constant name 'Xuang_Xiao' isn't a lowerCamelCase identifier • lib/enums/enum_twelve_star_seq.dart:16:3 • constant_identifier_names
   info • The constant name 'Ju_Zi' isn't a lowerCamelCase identifier • lib/enums/enum_twelve_star_seq.dart:17:3 • constant_identifier_names
   info • The constant name 'ZHANG_SHEN' isn't a lowerCamelCase identifier • lib/enums/enum_twelve_zhang_sheng.dart:8:3 • constant_identifier_names
   info • The constant name 'MU_YU' isn't a lowerCamelCase identifier • lib/enums/enum_twelve_zhang_sheng.dart:10:3 • constant_identifier_names
   info • The constant name 'GUAN_DAI' isn't a lowerCamelCase identifier • lib/enums/enum_twelve_zhang_sheng.dart:12:3 • constant_identifier_names
   info • The constant name 'LIN_GUAN' isn't a lowerCamelCase identifier • lib/enums/enum_twelve_zhang_sheng.dart:14:3 • constant_identifier_names
   info • The constant name 'DI_WANG' isn't a lowerCamelCase identifier • lib/enums/enum_twelve_zhang_sheng.dart:16:3 • constant_identifier_names
   info • The constant name 'SHUAI' isn't a lowerCamelCase identifier • lib/enums/enum_twelve_zhang_sheng.dart:18:3 • constant_identifier_names
   info • The constant name 'BING' isn't a lowerCamelCase identifier • lib/enums/enum_twelve_zhang_sheng.dart:20:3 • constant_identifier_names
   info • The constant name 'SI' isn't a lowerCamelCase identifier • lib/enums/enum_twelve_zhang_sheng.dart:22:3 • constant_identifier_names
   info • The constant name 'MU' isn't a lowerCamelCase identifier • lib/enums/enum_twelve_zhang_sheng.dart:24:3 • constant_identifier_names
   info • The constant name 'JUE' isn't a lowerCamelCase identifier • lib/enums/enum_twelve_zhang_sheng.dart:26:3 • constant_identifier_names
   info • The constant name 'TAI' isn't a lowerCamelCase identifier • lib/enums/enum_twelve_zhang_sheng.dart:28:3 • constant_identifier_names
   info • The constant name 'YANG' isn't a lowerCamelCase identifier • lib/enums/enum_twelve_zhang_sheng.dart:30:3 • constant_identifier_names
   info • The constant name 'DONG_ZHI' isn't a lowerCamelCase identifier • lib/enums/enum_twenty_four_jie_qi.dart:10:3 • constant_identifier_names
   info • The constant name 'XIAO_HAN' isn't a lowerCamelCase identifier • lib/enums/enum_twenty_four_jie_qi.dart:13:3 • constant_identifier_names
   info • The constant name 'DA_HAN' isn't a lowerCamelCase identifier • lib/enums/enum_twenty_four_jie_qi.dart:16:3 • constant_identifier_names
   info • The constant name 'LI_CHUN' isn't a lowerCamelCase identifier • lib/enums/enum_twenty_four_jie_qi.dart:20:3 • constant_identifier_names
   info • The constant name 'YU_SHUI' isn't a lowerCamelCase identifier • lib/enums/enum_twenty_four_jie_qi.dart:23:3 • constant_identifier_names
   info • The constant name 'JING_ZHE' isn't a lowerCamelCase identifier • lib/enums/enum_twenty_four_jie_qi.dart:26:3 • constant_identifier_names
   info • The constant name 'CHUN_FEN' isn't a lowerCamelCase identifier • lib/enums/enum_twenty_four_jie_qi.dart:30:3 • constant_identifier_names
   info • The constant name 'QING_MING' isn't a lowerCamelCase identifier • lib/enums/enum_twenty_four_jie_qi.dart:33:3 • constant_identifier_names
   info • The constant name 'GU_YU' isn't a lowerCamelCase identifier • lib/enums/enum_twenty_four_jie_qi.dart:36:3 • constant_identifier_names
   info • The constant name 'LI_XIA' isn't a lowerCamelCase identifier • lib/enums/enum_twenty_four_jie_qi.dart:40:3 • constant_identifier_names
   info • The constant name 'XIAO_MAN' isn't a lowerCamelCase identifier • lib/enums/enum_twenty_four_jie_qi.dart:43:3 • constant_identifier_names
   info • The constant name 'MANG_ZHONG' isn't a lowerCamelCase identifier • lib/enums/enum_twenty_four_jie_qi.dart:46:3 • constant_identifier_names
   info • The constant name 'XIA_ZHI' isn't a lowerCamelCase identifier • lib/enums/enum_twenty_four_jie_qi.dart:49:3 • constant_identifier_names
   info • The constant name 'XIAO_SHU' isn't a lowerCamelCase identifier • lib/enums/enum_twenty_four_jie_qi.dart:52:3 • constant_identifier_names
   info • The constant name 'DA_SHU' isn't a lowerCamelCase identifier • lib/enums/enum_twenty_four_jie_qi.dart:55:3 • constant_identifier_names
   info • The constant name 'LI_QIU' isn't a lowerCamelCase identifier • lib/enums/enum_twenty_four_jie_qi.dart:59:3 • constant_identifier_names
   info • The constant name 'CHU_SHU' isn't a lowerCamelCase identifier • lib/enums/enum_twenty_four_jie_qi.dart:62:3 • constant_identifier_names
   info • The constant name 'BAI_LU' isn't a lowerCamelCase identifier • lib/enums/enum_twenty_four_jie_qi.dart:65:3 • constant_identifier_names
   info • The constant name 'QIU_FEN' isn't a lowerCamelCase identifier • lib/enums/enum_twenty_four_jie_qi.dart:68:3 • constant_identifier_names
   info • The constant name 'HAN_LU' isn't a lowerCamelCase identifier • lib/enums/enum_twenty_four_jie_qi.dart:71:3 • constant_identifier_names
   info • The constant name 'SHUANG_JIANG' isn't a lowerCamelCase identifier • lib/enums/enum_twenty_four_jie_qi.dart:74:3 • constant_identifier_names
   info • The constant name 'LI_DONG' isn't a lowerCamelCase identifier • lib/enums/enum_twenty_four_jie_qi.dart:78:3 • constant_identifier_names
   info • The constant name 'XIAO_XUE' isn't a lowerCamelCase identifier • lib/enums/enum_twenty_four_jie_qi.dart:81:3 • constant_identifier_names
   info • The constant name 'DA_XUE' isn't a lowerCamelCase identifier • lib/enums/enum_twenty_four_jie_qi.dart:84:3 • constant_identifier_names
   info • The constant name 'YANG' isn't a lowerCamelCase identifier • lib/enums/enum_yin_yang.dart:5:3 • constant_identifier_names
   info • The constant name 'YIN' isn't a lowerCamelCase identifier • lib/enums/enum_yin_yang.dart:7:3 • constant_identifier_names
warning • Unused import: '../models/pillar_content.dart' • lib/enums/layout_template_enums.dart:3:8 • unused_import
warning • Unused import: 'package:intl/intl.dart' • lib/features/da_yun/da_yun_calculator.dart:5:8 • unused_import
   info • The variable name 'location_tz' isn't a lowerCamelCase identifier • lib/features/datetime_details/datetime_details_bundle_calculation.dart:111:13 • non_constant_identifier_names
   info • Don't invoke 'print' in production code • lib/features/datetime_details/datetime_details_bundle_calculation.dart:156:7 • avoid_print
   info • Don't invoke 'print' in production code • lib/features/datetime_details/datetime_details_bundle_calculation.dart:157:7 • avoid_print
warning • Unused import: 'package:timezone/timezone.dart' • lib/features/datetime_details/input_info_params.dart:5:8 • unused_import
warning • The declaration '_calculateEquationOfTimeSimplified' isn't referenced • lib/features/datetime_details/processors/solar_time_processor.dart:152:17 • unused_element
warning • The declaration '_validateSolarTimeResult' isn't referenced • lib/features/datetime_details/processors/solar_time_processor.dart:164:15 • unused_element
warning • Unused import: 'package:common/helpers/solar_lunar_datetime_helper.dart' • lib/features/four_zhu/four_zhu_engine.dart:6:8 • unused_import
warning • Unused import: 'package:flutter/foundation.dart' • lib/features/four_zhu/strategies/day_pillar_strategy.dart:1:8 • unused_import
warning • Unused import: 'package:common/enums/enum_tian_gan.dart' • lib/features/four_zhu/strategies/hour_pillar_strategy.dart:2:8 • unused_import
   info • The import of 'package:common/enums/enum_jia_zi.dart' is unnecessary because all of the used elements are also provided by the import of '../../../../enums.dart' • lib/features/four_zhu/strategies/impl/hour_fixed_zi_ping_strategy.dart:1:8 • unnecessary_import
   info • 'withOpacity' is deprecated and shouldn't be used. Use .withValues() to avoid precision loss • lib/features/four_zhu_card/widgets/editable_fourzhu_card/card_debug_painters.dart:41:23 • deprecated_member_use
   info • 'withOpacity' is deprecated and shouldn't be used. Use .withValues() to avoid precision loss • lib/features/four_zhu_card/widgets/editable_fourzhu_card/card_debug_painters.dart:109:31 • deprecated_member_use
   info • 'withOpacity' is deprecated and shouldn't be used. Use .withValues() to avoid precision loss • lib/features/four_zhu_card/widgets/editable_fourzhu_card/card_debug_painters.dart:189:31 • deprecated_member_use
   info • 'withOpacity' is deprecated and shouldn't be used. Use .withValues() to avoid precision loss • lib/features/four_zhu_card/widgets/editable_fourzhu_card/card_decorators.dart:28:49 • deprecated_member_use
   info • 'withOpacity' is deprecated and shouldn't be used. Use .withValues() to avoid precision loss • lib/features/four_zhu_card/widgets/editable_fourzhu_card/card_decorators.dart:53:47 • deprecated_member_use
warning • Unused import: 'cell_interfaces.dart' • lib/features/four_zhu_card/widgets/editable_fourzhu_card/cells/multi_text_cell.dart:3:8 • unused_import
   info • 'alpha' is deprecated and shouldn't be used. Use (*.a * 255.0).round().clamp(0, 255) • lib/features/four_zhu_card/widgets/editable_fourzhu_card/cells/multi_text_cell.dart:91:40 • deprecated_member_use
   info • The import of 'package:flutter/foundation.dart' is unnecessary because all of the used elements are also provided by the import of 'package:flutter/material.dart' • lib/features/four_zhu_card/widgets/editable_fourzhu_card/dimension_models.dart:1:8 • unnecessary_import
warning • Unused import: 'package:flutter/foundation.dart' • lib/features/four_zhu_card/widgets/editable_fourzhu_card/drag_controller.dart:1:8 • unused_import
warning • Unused import: 'dart:convert' • lib/features/four_zhu_card/widgets/editable_fourzhu_card/editable_fourzhu_card_impl.dart:1:8 • unused_import
   info • The import of 'dart:ui' is unnecessary because all of the used elements are also provided by the import of 'package:flutter/material.dart' • lib/features/four_zhu_card/widgets/editable_fourzhu_card/editable_fourzhu_card_impl.dart:2:8 • unnecessary_import
   info • The import of 'package:flutter/foundation.dart' is unnecessary because all of the used elements are also provided by the import of 'package:flutter/material.dart' • lib/features/four_zhu_card/widgets/editable_fourzhu_card/editable_fourzhu_card_impl.dart:10:8 • unnecessary_import
warning • Unused import: 'package:uuid/v4.dart' • lib/features/four_zhu_card/widgets/editable_fourzhu_card/editable_fourzhu_card_impl.dart:13:8 • unused_import
   info • The import of 'package:common/enums/enum_di_zhi.dart' is unnecessary because all of the used elements are also provided by the import of 'package:common/enums.dart' • lib/features/four_zhu_card/widgets/editable_fourzhu_card/editable_fourzhu_card_impl.dart:19:8 • unnecessary_import
   info • The import of 'package:common/enums/enum_tian_gan.dart' is unnecessary because all of the used elements are also provided by the import of 'package:common/enums.dart' • lib/features/four_zhu_card/widgets/editable_fourzhu_card/editable_fourzhu_card_impl.dart:20:8 • unnecessary_import
warning • Unused import: 'package:common/palette/card_palette.dart' • lib/features/four_zhu_card/widgets/editable_fourzhu_card/editable_fourzhu_card_impl.dart:25:8 • unused_import
warning • Unused import: 'text_groups.dart' • lib/features/four_zhu_card/widgets/editable_fourzhu_card/editable_fourzhu_card_impl.dart:32:8 • unused_import
   info • The prefix 'BasicLayout' isn't a lower_case_with_underscores identifier • lib/features/four_zhu_card/widgets/editable_fourzhu_card/editable_fourzhu_card_impl.dart:37:8 • library_prefixes
warning • Unused import: 'models/card_style_config.dart' • lib/features/four_zhu_card/widgets/editable_fourzhu_card/editable_fourzhu_card_impl.dart:43:8 • unused_import
warning • The declaration '_kShadowFollowSentinelRGB' isn't referenced • lib/features/four_zhu_card/widgets/editable_fourzhu_card/editable_fourzhu_card_impl.dart:47:11 • unused_element
   info • Constructors in '@immutable' classes should be declared as 'const' • lib/features/four_zhu_card/widgets/editable_fourzhu_card/editable_fourzhu_card_impl.dart:114:3 • prefer_const_constructors_in_immutables
   info • The private field _rowDividerPaddingTop could be 'final' • lib/features/four_zhu_card/widgets/editable_fourzhu_card/editable_fourzhu_card_impl.dart:162:10 • prefer_final_fields
   info • The private field _rowDividerPaddingBottom could be 'final' • lib/features/four_zhu_card/widgets/editable_fourzhu_card/editable_fourzhu_card_impl.dart:163:10 • prefer_final_fields
   info • The private field _rowDividerThickness could be 'final' • lib/features/four_zhu_card/widgets/editable_fourzhu_card/editable_fourzhu_card_impl.dart:164:10 • prefer_final_fields
   info • The private field _colDividerPaddingLeft could be 'final' • lib/features/four_zhu_card/widgets/editable_fourzhu_card/editable_fourzhu_card_impl.dart:165:10 • prefer_final_fields
   info • The private field _colDividerPaddingRight could be 'final' • lib/features/four_zhu_card/widgets/editable_fourzhu_card/editable_fourzhu_card_impl.dart:166:10 • prefer_final_fields
   info • The private field _colDividerThickness could be 'final' • lib/features/four_zhu_card/widgets/editable_fourzhu_card/editable_fourzhu_card_impl.dart:167:10 • prefer_final_fields
   info • '_basicLayoutModel' is deprecated and shouldn't be used. 旧布局系统,V4 中将移除 • lib/features/four_zhu_card/widgets/editable_fourzhu_card/editable_fourzhu_card_impl.dart:170:7 • deprecated_member_use_from_same_package
   info • '_basicLayoutModel' is deprecated and shouldn't be used. 旧布局系统,V4 中将移除 • lib/features/four_zhu_card/widgets/editable_fourzhu_card/editable_fourzhu_card_impl.dart:172:7 • deprecated_member_use_from_same_package
   info • '_basicLayoutModel' is deprecated and shouldn't be used. 旧布局系统,V4 中将移除 • lib/features/four_zhu_card/widgets/editable_fourzhu_card/editable_fourzhu_card_impl.dart:174:7 • deprecated_member_use_from_same_package
   info • '_basicLayoutModel' is deprecated and shouldn't be used. 旧布局系统,V4 中将移除 • lib/features/four_zhu_card/widgets/editable_fourzhu_card/editable_fourzhu_card_impl.dart:176:7 • deprecated_member_use_from_same_package
   info • The variable name 'drag_icon' isn't a lowerCamelCase identifier • lib/features/four_zhu_card/widgets/editable_fourzhu_card/editable_fourzhu_card_impl.dart:186:14 • non_constant_identifier_names
warning • The declaration '_pillarPaddingEff' isn't referenced • lib/features/four_zhu_card/widgets/editable_fourzhu_card/editable_fourzhu_card_impl.dart:307:18 • unused_element
warning • The declaration '_resolveUniformCardBorderWidth' isn't referenced • lib/features/four_zhu_card/widgets/editable_fourzhu_card/editable_fourzhu_card_impl.dart:404:10 • unused_element
   info • 'window' is deprecated and shouldn't be used. Look up the current FlutterView from the context via View.of(context) or consult the PlatformDispatcher directly instead. Deprecated to prepare for the upcoming multi-window support. This feature was deprecated after v3.7.0-32.0.pre • lib/features/four_zhu_card/widgets/editable_fourzhu_card/editable_fourzhu_card_impl.dart:516:27 • deprecated_member_use
   info • 'window' is deprecated and shouldn't be used. Look up the current FlutterView from the context via View.of(context) or consult the PlatformDispatcher directly instead. Deprecated to prepare for the upcoming multi-window support. This feature was deprecated after v3.7.0-32.0.pre • lib/features/four_zhu_card/widgets/editable_fourzhu_card/editable_fourzhu_card_impl.dart:522:27 • deprecated_member_use
   info • 'window' is deprecated and shouldn't be used. Look up the current FlutterView from the context via View.of(context) or consult the PlatformDispatcher directly instead. Deprecated to prepare for the upcoming multi-window support. This feature was deprecated after v3.7.0-32.0.pre • lib/features/four_zhu_card/widgets/editable_fourzhu_card/editable_fourzhu_card_impl.dart:528:27 • deprecated_member_use
warning • The declaration '_allocatePillarId' isn't referenced • lib/features/four_zhu_card/widgets/editable_fourzhu_card/editable_fourzhu_card_impl.dart:633:10 • unused_element
warning • The value of the field '_initialPillarWidth' isn't used • lib/features/four_zhu_card/widgets/editable_fourzhu_card/editable_fourzhu_card_impl.dart:718:11 • unused_field
warning • The declaration '_smooth' isn't referenced • lib/features/four_zhu_card/widgets/editable_fourzhu_card/editable_fourzhu_card_impl.dart:797:10 • unused_element
warning • The declaration '_applyDeadzone' isn't referenced • lib/features/four_zhu_card/widgets/editable_fourzhu_card/editable_fourzhu_card_impl.dart:802:10 • unused_element
warning • The declaration '_commitColInsert' isn't referenced • lib/features/four_zhu_card/widgets/editable_fourzhu_card/editable_fourzhu_card_impl.dart:825:7 • unused_element
warning • The declaration '_commitRowInsert' isn't referenced • lib/features/four_zhu_card/widgets/editable_fourzhu_card/editable_fourzhu_card_impl.dart:836:7 • unused_element
warning • The declaration '_computeColumnInsertIndexFromDx' isn't referenced • lib/features/four_zhu_card/widgets/editable_fourzhu_card/editable_fourzhu_card_impl.dart:848:7 • unused_element
warning • The declaration '_computeColumnInsertIndexFromDxVariable' isn't referenced • lib/features/four_zhu_card/widgets/editable_fourzhu_card/editable_fourzhu_card_impl.dart:857:7 • unused_element
   info • '_basicLayoutModel' is deprecated and shouldn't be used. 旧布局系统,V4 中将移除 • lib/features/four_zhu_card/widgets/editable_fourzhu_card/editable_fourzhu_card_impl.dart:922:5 • deprecated_member_use_from_same_package
   info • '_measurementContext' is deprecated and shouldn't be used. 旧度量系统,V4 中将移除 • lib/features/four_zhu_card/widgets/editable_fourzhu_card/editable_fourzhu_card_impl.dart:935:5 • deprecated_member_use_from_same_package
   info • '_layoutNotifier' is deprecated and shouldn't be used. 旧布局系统,V4 中将移除 • lib/features/four_zhu_card/widgets/editable_fourzhu_card/editable_fourzhu_card_impl.dart:948:5 • deprecated_member_use_from_same_package
   info • '_layoutNotifier' is deprecated and shouldn't be used. 旧布局系统,V4 中将移除 • lib/features/four_zhu_card/widgets/editable_fourzhu_card/editable_fourzhu_card_impl.dart:976:7 • deprecated_member_use_from_same_package
   info • '_basicLayoutModel' is deprecated and shouldn't be used. 旧布局系统,V4 中将移除 • lib/features/four_zhu_card/widgets/editable_fourzhu_card/editable_fourzhu_card_impl.dart:987:7 • deprecated_member_use_from_same_package
   info • '_basicLayoutModel' is deprecated and shouldn't be used. 旧布局系统,V4 中将移除 • lib/features/four_zhu_card/widgets/editable_fourzhu_card/editable_fourzhu_card_impl.dart:999:5 • deprecated_member_use_from_same_package
   info • '_layoutNotifier' is deprecated and shouldn't be used. 旧布局系统,V4 中将移除 • lib/features/four_zhu_card/widgets/editable_fourzhu_card/editable_fourzhu_card_impl.dart:1052:7 • deprecated_member_use_from_same_package
   info • '_basicLayoutModel' is deprecated and shouldn't be used. 旧布局系统,V4 中将移除 • lib/features/four_zhu_card/widgets/editable_fourzhu_card/editable_fourzhu_card_impl.dart:1090:5 • deprecated_member_use_from_same_package
   info • '_layoutNotifier' is deprecated and shouldn't be used. 旧布局系统,V4 中将移除 • lib/features/four_zhu_card/widgets/editable_fourzhu_card/editable_fourzhu_card_impl.dart:1091:5 • deprecated_member_use_from_same_package
warning • The value of the local variable 'pillars' isn't used • lib/features/four_zhu_card/widgets/editable_fourzhu_card/editable_fourzhu_card_impl.dart:1120:15 • unused_local_variable
warning • The value of the local variable 'tCol' isn't used • lib/features/four_zhu_card/widgets/editable_fourzhu_card/editable_fourzhu_card_impl.dart:1123:20 • unused_local_variable
   info • Type could be non-nullable • lib/features/four_zhu_card/widgets/editable_fourzhu_card/editable_fourzhu_card_impl.dart:1152:30 • unnecessary_nullable_for_final_variable_declarations
   info • 'withOpacity' is deprecated and shouldn't be used. Use .withValues() to avoid precision loss • lib/features/four_zhu_card/widgets/editable_fourzhu_card/editable_fourzhu_card_impl.dart:1724:43 • deprecated_member_use
warning • The value of the local variable 'hasRowTitleColumn' isn't used • lib/features/four_zhu_card/widgets/editable_fourzhu_card/editable_fourzhu_card_impl.dart:1776:11 • unused_local_variable
   info • Use a 'SizedBox' to add whitespace to a layout • lib/features/four_zhu_card/widgets/editable_fourzhu_card/editable_fourzhu_card_impl.dart:1910:12 • sized_box_for_whitespace
warning • The declaration '_buildGridLines' isn't referenced • lib/features/four_zhu_card/widgets/editable_fourzhu_card/editable_fourzhu_card_impl.dart:1932:10 • unused_element
warning • The declaration '_getDayJiaZi' isn't referenced • lib/features/four_zhu_card/widgets/editable_fourzhu_card/editable_fourzhu_card_impl.dart:2211:9 • unused_element
warning • Dead code • lib/features/four_zhu_card/widgets/editable_fourzhu_card/editable_fourzhu_card_impl.dart:2213:5 • dead_code
warning • The declaration '_buildSeparatorCell' isn't referenced • lib/features/four_zhu_card/widgets/editable_fourzhu_card/editable_fourzhu_card_impl.dart:2281:10 • unused_element
warning • The value of the local variable 'bgColor' isn't used • lib/features/four_zhu_card/widgets/editable_fourzhu_card/editable_fourzhu_card_impl.dart:2285:11 • unused_local_variable
   info • Use a 'SizedBox' to add whitespace to a layout • lib/features/four_zhu_card/widgets/editable_fourzhu_card/editable_fourzhu_card_impl.dart:2315:14 • sized_box_for_whitespace
   info • '_buildFullColumnFeedback' is deprecated and shouldn't be used. 因为不能复用，所以废弃 • lib/features/four_zhu_card/widgets/editable_fourzhu_card/editable_fourzhu_card_impl.dart:2640:29 • deprecated_member_use_from_same_package
   info • '_buildFullColumnFeedback' is deprecated and shouldn't be used. 因为不能复用，所以废弃 • lib/features/four_zhu_card/widgets/editable_fourzhu_card/editable_fourzhu_card_impl.dart:2650:29 • deprecated_member_use_from_same_package
   info • '_buildFullColumnFeedback' is deprecated and shouldn't be used. 因为不能复用，所以废弃 • lib/features/four_zhu_card/widgets/editable_fourzhu_card/editable_fourzhu_card_impl.dart:2794:29 • deprecated_member_use_from_same_package
   info • '_buildFullColumnFeedback' is deprecated and shouldn't be used. 因为不能复用，所以废弃 • lib/features/four_zhu_card/widgets/editable_fourzhu_card/editable_fourzhu_card_impl.dart:2804:29 • deprecated_member_use_from_same_package
warning • The value of the local variable 'isSeparatorRow' isn't used • lib/features/four_zhu_card/widgets/editable_fourzhu_card/editable_fourzhu_card_impl.dart:2873:30 • unused_local_variable
   info • '_buildFullRowFeedback' is deprecated and shouldn't be used. 因为不能复用，所以废弃 • lib/features/four_zhu_card/widgets/editable_fourzhu_card/editable_fourzhu_card_impl.dart:2936:37 • deprecated_member_use_from_same_package
   info • '_buildFullRowFeedback' is deprecated and shouldn't be used. 因为不能复用，所以废弃 • lib/features/four_zhu_card/widgets/editable_fourzhu_card/editable_fourzhu_card_impl.dart:2943:37 • deprecated_member_use_from_same_package
   info • Use a 'SizedBox' to add whitespace to a layout • lib/features/four_zhu_card/widgets/editable_fourzhu_card/editable_fourzhu_card_impl.dart:2988:12 • sized_box_for_whitespace
warning • The value of the local variable 'isSeparatorRow' isn't used • lib/features/four_zhu_card/widgets/editable_fourzhu_card/editable_fourzhu_card_impl.dart:3012:30 • unused_local_variable
   info • '_buildFullRowFeedback' is deprecated and shouldn't be used. 因为不能复用，所以废弃 • lib/features/four_zhu_card/widgets/editable_fourzhu_card/editable_fourzhu_card_impl.dart:3078:37 • deprecated_member_use_from_same_package
   info • '_buildFullRowFeedback' is deprecated and shouldn't be used. 因为不能复用，所以废弃 • lib/features/four_zhu_card/widgets/editable_fourzhu_card/editable_fourzhu_card_impl.dart:3085:37 • deprecated_member_use_from_same_package
warning • The declaration '_buildLeftHeader' isn't referenced • lib/features/four_zhu_card/widgets/editable_fourzhu_card/editable_fourzhu_card_impl.dart:3141:10 • unused_element
   info • Unnecessary use of '??' with 'null' • lib/features/four_zhu_card/widgets/editable_fourzhu_card/editable_fourzhu_card_impl.dart:3478:75 • unnecessary_null_in_if_null_operators
warning • The '!' will have no effect because the receiver can't be null • lib/features/four_zhu_card/widgets/editable_fourzhu_card/editable_fourzhu_card_impl.dart:3529:49 • unnecessary_non_null_assertion
warning • The '!' will have no effect because the receiver can't be null • lib/features/four_zhu_card/widgets/editable_fourzhu_card/editable_fourzhu_card_impl.dart:3556:52 • unnecessary_non_null_assertion
warning • The '!' will have no effect because the receiver can't be null • lib/features/four_zhu_card/widgets/editable_fourzhu_card/editable_fourzhu_card_impl.dart:3596:22 • unnecessary_non_null_assertion
warning • The declaration '_computeColumnShift' isn't referenced • lib/features/four_zhu_card/widgets/editable_fourzhu_card/editable_fourzhu_card_impl.dart:3634:10 • unused_element
warning • The declaration '_columnInsertTarget' isn't referenced • lib/features/four_zhu_card/widgets/editable_fourzhu_card/editable_fourzhu_card_impl.dart:3649:10 • unused_element
   info • 'onWillAccept' is deprecated and shouldn't be used. Use onWillAcceptWithDetails instead. This callback is similar to onWillAcceptWithDetails but does not provide drag details. This feature was deprecated after v3.14.0-0.2.pre • lib/features/four_zhu_card/widgets/editable_fourzhu_card/editable_fourzhu_card_impl.dart:3654:7 • deprecated_member_use
   info • 'onAccept' is deprecated and shouldn't be used. Use onAcceptWithDetails instead. This callback is similar to onAcceptWithDetails but does not provide drag details. This feature was deprecated after v3.14.0-0.2.pre • lib/features/four_zhu_card/widgets/editable_fourzhu_card/editable_fourzhu_card_impl.dart:3670:7 • deprecated_member_use
   info • 'alpha' is deprecated and shouldn't be used. Use (*.a * 255.0).round().clamp(0, 255) • lib/features/four_zhu_card/widgets/editable_fourzhu_card/editable_fourzhu_card_impl.dart:3719:51 • deprecated_member_use
warning • The declaration '_rowInsertTarget' isn't referenced • lib/features/four_zhu_card/widgets/editable_fourzhu_card/editable_fourzhu_card_impl.dart:3851:10 • unused_element
   info • 'onWillAccept' is deprecated and shouldn't be used. Use onWillAcceptWithDetails instead. This callback is similar to onWillAcceptWithDetails but does not provide drag details. This feature was deprecated after v3.14.0-0.2.pre • lib/features/four_zhu_card/widgets/editable_fourzhu_card/editable_fourzhu_card_impl.dart:3857:7 • deprecated_member_use
   info • 'onAccept' is deprecated and shouldn't be used. Use onAcceptWithDetails instead. This callback is similar to onAcceptWithDetails but does not provide drag details. This feature was deprecated after v3.14.0-0.2.pre • lib/features/four_zhu_card/widgets/editable_fourzhu_card/editable_fourzhu_card_impl.dart:3869:7 • deprecated_member_use
warning • The value of the local variable 'isRows0HeaderRow' isn't used • lib/features/four_zhu_card/widgets/editable_fourzhu_card/editable_fourzhu_card_impl.dart:3965:11 • unused_local_variable
warning • The declaration '_defaultFeedback' isn't referenced • lib/features/four_zhu_card/widgets/editable_fourzhu_card/editable_fourzhu_card_impl.dart:4061:10 • unused_element
warning • The declaration '_offsetFeedbackCenterX' isn't referenced • lib/features/four_zhu_card/widgets/editable_fourzhu_card/editable_fourzhu_card_impl.dart:4097:10 • unused_element
warning • The declaration '_offsetFeedbackCenterAt' isn't referenced • lib/features/four_zhu_card/widgets/editable_fourzhu_card/editable_fourzhu_card_impl.dart:4114:10 • unused_element
   info • 'withOpacity' is deprecated and shouldn't be used. Use .withValues() to avoid precision loss • lib/features/four_zhu_card/widgets/editable_fourzhu_card/editable_fourzhu_card_impl.dart:4230:22 • deprecated_member_use
   info • 'withOpacity' is deprecated and shouldn't be used. Use .withValues() to avoid precision loss • lib/features/four_zhu_card/widgets/editable_fourzhu_card/editable_fourzhu_card_impl.dart:4232:41 • deprecated_member_use
warning • The value of the field '_debugStroke' isn't used • lib/features/four_zhu_card/widgets/editable_fourzhu_card/editable_fourzhu_card_impl.dart:4250:23 • unused_field
warning • The value of the field '_debugMarginStroke' isn't used • lib/features/four_zhu_card/widgets/editable_fourzhu_card/editable_fourzhu_card_impl.dart:4251:23 • unused_field
warning • The declaration '_reorderRowsByTitlePayload' isn't referenced • lib/features/four_zhu_card/widgets/editable_fourzhu_card/editable_fourzhu_card_impl.dart:4449:8 • unused_element
warning • The declaration '_getRowVerticalPadding' isn't referenced • lib/features/four_zhu_card/widgets/editable_fourzhu_card/editable_fourzhu_card_impl.dart:4550:11 • unused_element
warning • The declaration '_getRowHorizontalPaddingByIndex' isn't referenced • lib/features/four_zhu_card/widgets/editable_fourzhu_card/editable_fourzhu_card_impl.dart:4580:11 • unused_element
warning • A value for optional parameter 'verticalMargin' isn't ever given • lib/features/four_zhu_card/widgets/editable_fourzhu_card/editable_fourzhu_card_impl.dart:4600:15 • unused_element_parameter
   info • 'withOpacity' is deprecated and shouldn't be used. Use .withValues() to avoid precision loss • lib/features/four_zhu_card/widgets/editable_fourzhu_card/editable_fourzhu_card_impl.dart:4613:29 • deprecated_member_use
warning • The value of the local variable 'isRows0HeaderRow' isn't used • lib/features/four_zhu_card/widgets/editable_fourzhu_card/editable_fourzhu_card_impl.dart:4667:11 • unused_local_variable
   info • Use a 'SizedBox' to add whitespace to a layout • lib/features/four_zhu_card/widgets/editable_fourzhu_card/editable_fourzhu_card_impl.dart:4674:12 • sized_box_for_whitespace
warning • The value of the local variable 'rowName' isn't used • lib/features/four_zhu_card/widgets/editable_fourzhu_card/editable_fourzhu_card_impl.dart:4683:26 • unused_local_variable
   info • Unnecessary use of 'toList' in a spread • lib/features/four_zhu_card/widgets/editable_fourzhu_card/editable_fourzhu_card_impl.dart:4739:14 • unnecessary_to_list_in_spreads
warning • The declaration '_computeRowShift' isn't referenced • lib/features/four_zhu_card/widgets/editable_fourzhu_card/editable_fourzhu_card_impl.dart:4816:10 • unused_element
warning • The declaration '_computeRowInsertIndexFromDy' isn't referenced • lib/features/four_zhu_card/widgets/editable_fourzhu_card/editable_fourzhu_card_impl.dart:4838:7 • unused_element
warning • The declaration '_computeRowInsertFloatFromDy' isn't referenced • lib/features/four_zhu_card/widgets/editable_fourzhu_card/editable_fourzhu_card_impl.dart:4869:10 • unused_element
warning • The declaration '_computeRowInsertIndexFromDyMidpoint' isn't referenced • lib/features/four_zhu_card/widgets/editable_fourzhu_card/editable_fourzhu_card_impl.dart:4900:7 • unused_element
warning • The value of the local variable 'name' isn't used • lib/features/four_zhu_card/widgets/editable_fourzhu_card/editable_fourzhu_card_impl.dart:4913:13 • unused_local_variable
warning • The value of the local variable 'name' isn't used • lib/features/four_zhu_card/widgets/editable_fourzhu_card/editable_fourzhu_card_impl.dart:4961:13 • unused_local_variable
warning • The declaration '_columnBoundaryMidX' isn't referenced • lib/features/four_zhu_card/widgets/editable_fourzhu_card/editable_fourzhu_card_impl.dart:5011:10 • unused_element
warning • The value of the local variable 'pillars' isn't used • lib/features/four_zhu_card/widgets/editable_fourzhu_card/editable_fourzhu_card_impl.dart:5085:11 • unused_local_variable
warning • The left operand can't be null, so the right operand is never executed • lib/features/four_zhu_card/widgets/editable_fourzhu_card/editable_fourzhu_card_impl.dart:5106:55 • dead_null_aware_expression
warning • The left operand can't be null, so the right operand is never executed • lib/features/four_zhu_card/widgets/editable_fourzhu_card/editable_fourzhu_card_impl.dart:5107:36 • dead_null_aware_expression
warning • The declaration '_computeSizeWithDecorations' isn't referenced • lib/features/four_zhu_card/widgets/editable_fourzhu_card/editable_fourzhu_card_impl.dart:5153:8 • unused_element
   info • '_measurementContext' is deprecated and shouldn't be used. 旧度量系统,V4 中将移除 • lib/features/four_zhu_card/widgets/editable_fourzhu_card/editable_fourzhu_card_impl.dart:5186:5 • deprecated_member_use_from_same_package
   info • '_layoutNotifier' is deprecated and shouldn't be used. 旧布局系统,V4 中将移除 • lib/features/four_zhu_card/widgets/editable_fourzhu_card/editable_fourzhu_card_impl.dart:5199:5 • deprecated_member_use_from_same_package
warning • The value of the local variable 'kw' isn't used • lib/features/four_zhu_card/widgets/editable_fourzhu_card/editable_fourzhu_card_impl.dart:5385:23 • unused_local_variable
   info • Unnecessary use of 'toList' in a spread • lib/features/four_zhu_card/widgets/editable_fourzhu_card/editable_fourzhu_card_impl.dart:5400:16 • unnecessary_to_list_in_spreads
   info • 'alpha' is deprecated and shouldn't be used. Use (*.a * 255.0).round().clamp(0, 255) • lib/features/four_zhu_card/widgets/editable_fourzhu_card/editable_fourzhu_card_impl.dart:5505:47 • deprecated_member_use
   info • 'EditableFourZhuCardV4' is deprecated and shouldn't be used. 已废弃：请使用 EditableFourZhuCardV3 • lib/features/four_zhu_card/widgets/editable_fourzhu_card/editable_fourzhu_card_v4.dart:69:49 • deprecated_member_use_from_same_package
   info • 'withOpacity' is deprecated and shouldn't be used. Use .withValues() to avoid precision loss • lib/features/four_zhu_card/widgets/editable_fourzhu_card/internal/card_builders.dart:188:54 • deprecated_member_use
   info • 'withOpacity' is deprecated and shouldn't be used. Use .withValues() to avoid precision loss • lib/features/four_zhu_card/widgets/editable_fourzhu_card/internal/card_builders.dart:245:63 • deprecated_member_use
warning • The left operand can't be null, so the right operand is never executed • lib/features/four_zhu_card/widgets/editable_fourzhu_card/internal/card_builders.dart:342:62 • dead_null_aware_expression
   info • 'value' is deprecated and shouldn't be used. Use component accessors like .r or .g, or toARGB32 for an explicit conversion • lib/features/four_zhu_card/widgets/editable_fourzhu_card/models/base_style_config.dart:23:22 • deprecated_member_use
   info • 'value' is deprecated and shouldn't be used. Use component accessors like .r or .g, or toARGB32 for an explicit conversion • lib/features/four_zhu_card/widgets/editable_fourzhu_card/models/base_style_config.dart:46:22 • deprecated_member_use
   info • Constructors in '@immutable' classes should be declared as 'const' • lib/features/four_zhu_card/widgets/editable_fourzhu_card/models/base_style_config.dart:113:3 • prefer_const_constructors_in_immutables
   info • Missing type annotation • lib/features/four_zhu_card/widgets/editable_fourzhu_card/models/base_style_config.dart:137:3 • strict_top_level_inference
   info • Constructors in '@immutable' classes should be declared as 'const' • lib/features/four_zhu_card/widgets/editable_fourzhu_card/models/base_style_config.dart:198:3 • prefer_const_constructors_in_immutables
   info • Missing type annotation • lib/features/four_zhu_card/widgets/editable_fourzhu_card/models/base_style_config.dart:227:14 • strict_top_level_inference
   info • Missing type annotation • lib/features/four_zhu_card/widgets/editable_fourzhu_card/models/base_style_config.dart:235:3 • strict_top_level_inference
   info • Constructors in '@immutable' classes should be declared as 'const' • lib/features/four_zhu_card/widgets/editable_fourzhu_card/models/base_style_config.dart:245:3 • prefer_const_constructors_in_immutables
   info • 'alpha' is deprecated and shouldn't be used. Use (*.a * 255.0).round().clamp(0, 255) • lib/features/four_zhu_card/widgets/editable_fourzhu_card/models/base_style_config.dart:402:42 • deprecated_member_use
   info • 'value' is deprecated and shouldn't be used. Use component accessors like .r or .g, or toARGB32 for an explicit conversion • lib/features/four_zhu_card/widgets/editable_fourzhu_card/models/base_style_config.dart:430:17 • deprecated_member_use
warning • The declaration '_borderWidthOf' isn't referenced • lib/features/four_zhu_card/widgets/editable_fourzhu_card/models/base_style_config.dart:434:18 • unused_element
warning • The declaration '_borderColorHexOf' isn't referenced • lib/features/four_zhu_card/widgets/editable_fourzhu_card/models/base_style_config.dart:448:18 • unused_element
warning • The declaration '_borderTypeOf' isn't referenced • lib/features/four_zhu_card/widgets/editable_fourzhu_card/models/base_style_config.dart:457:22 • unused_element
warning • The declaration '_uniformRadiusOf' isn't referenced • lib/features/four_zhu_card/widgets/editable_fourzhu_card/models/base_style_config.dart:463:18 • unused_element
warning • The declaration '_boxShadowToCardShadow' isn't referenced • lib/features/four_zhu_card/widgets/editable_fourzhu_card/models/base_style_config.dart:476:26 • unused_element
warning • The declaration '_edgeInsetsToJson' isn't referenced • lib/features/four_zhu_card/widgets/editable_fourzhu_card/models/base_style_config.dart:490:32 • unused_element
warning • The declaration '_jsonToEdgeInsets' isn't referenced • lib/features/four_zhu_card/widgets/editable_fourzhu_card/models/base_style_config.dart:500:21 • unused_element
warning • The declaration '_cardShadowToJson' isn't referenced • lib/features/four_zhu_card/widgets/editable_fourzhu_card/models/base_style_config.dart:510:32 • unused_element
warning • The declaration '_jsonToCardShadow' isn't referenced • lib/features/four_zhu_card/widgets/editable_fourzhu_card/models/base_style_config.dart:522:26 • unused_element
warning • The declaration '_sizeToJson' isn't referenced • lib/features/four_zhu_card/widgets/editable_fourzhu_card/models/base_style_config.dart:563:32 • unused_element
warning • The declaration '_jsonToSize' isn't referenced • lib/features/four_zhu_card/widgets/editable_fourzhu_card/models/base_style_config.dart:571:16 • unused_element
warning • The declaration '_cornerRadiusOf' isn't referenced • lib/features/four_zhu_card/widgets/editable_fourzhu_card/models/base_style_config.dart:582:9 • unused_element
   info • The member 'toJson' overrides an inherited member but isn't annotated with '@override' • lib/features/four_zhu_card/widgets/editable_fourzhu_card/models/card_style_config.dart:21:24 • annotate_overrides
   info • The member 'toJson' overrides an inherited member but isn't annotated with '@override' • lib/features/four_zhu_card/widgets/editable_fourzhu_card/models/cell_style_config.dart:86:24 • annotate_overrides
   info • The member 'toJson' overrides an inherited member but isn't annotated with '@override' • lib/features/four_zhu_card/widgets/editable_fourzhu_card/models/pillar_style_config.dart:69:24 • annotate_overrides
warning • The declaration '_colorToHex' isn't referenced • lib/features/four_zhu_card/widgets/editable_fourzhu_card/models/text_style_config.dart:233:18 • unused_element
   info • 'alpha' is deprecated and shouldn't be used. Use (*.a * 255.0).round().clamp(0, 255) • lib/features/four_zhu_card/widgets/editable_fourzhu_card/models/text_style_config.dart:235:21 • deprecated_member_use
   info • 'red' is deprecated and shouldn't be used. Use (*.r * 255.0).round().clamp(0, 255) • lib/features/four_zhu_card/widgets/editable_fourzhu_card/models/text_style_config.dart:236:21 • deprecated_member_use
   info • 'green' is deprecated and shouldn't be used. Use (*.g * 255.0).round().clamp(0, 255) • lib/features/four_zhu_card/widgets/editable_fourzhu_card/models/text_style_config.dart:237:21 • deprecated_member_use
   info • 'blue' is deprecated and shouldn't be used. Use (*.b * 255.0).round().clamp(0, 255) • lib/features/four_zhu_card/widgets/editable_fourzhu_card/models/text_style_config.dart:238:21 • deprecated_member_use
warning • The declaration '_parseDecoration' isn't referenced • lib/features/four_zhu_card/widgets/editable_fourzhu_card/models/text_style_config.dart:277:26 • unused_element
warning • The declaration '_decorationToString' isn't referenced • lib/features/four_zhu_card/widgets/editable_fourzhu_card/models/text_style_config.dart:293:18 • unused_element
warning • The declaration '_parseFontStyle' isn't referenced • lib/features/four_zhu_card/widgets/editable_fourzhu_card/models/text_style_config.dart:302:21 • unused_element
warning • The declaration '_mapEquals' isn't referenced • lib/features/four_zhu_card/widgets/editable_fourzhu_card/models/text_style_config.dart:319:15 • unused_element
warning • The declaration '_mapHash' isn't referenced • lib/features/four_zhu_card/widgets/editable_fourzhu_card/models/text_style_config.dart:335:14 • unused_element
   info • 'value' is deprecated and shouldn't be used. Use component accessors like .r or .g, or toARGB32 for an explicit conversion • lib/features/four_zhu_card/widgets/editable_fourzhu_card/models/text_style_config.dart:384:23 • deprecated_member_use
warning • Unused import: 'dart:math' • lib/features/four_zhu_card/widgets/editable_fourzhu_card/size_calculator/calculator.dart:1:8 • unused_import
   info • The variable name 'compute_wrong' isn't a lowerCamelCase identifier • lib/features/four_zhu_card/widgets/editable_fourzhu_card/size_calculator/calculator.dart:172:23 • non_constant_identifier_names
warning • The value of the local variable 'totalWidth' isn't used • lib/features/four_zhu_card/widgets/editable_fourzhu_card/size_calculator/calculator.dart:243:12 • unused_local_variable
warning • The left operand can't be null, so the right operand is never executed • lib/features/four_zhu_card/widgets/editable_fourzhu_card/size_calculator/calculator.dart:467:15 • dead_null_aware_expression
warning • The left operand can't be null, so the right operand is never executed • lib/features/four_zhu_card/widgets/editable_fourzhu_card/size_calculator/calculator.dart:471:15 • dead_null_aware_expression
warning • The value of the local variable 'rowDecorationW' isn't used • lib/features/four_zhu_card/widgets/editable_fourzhu_card/size_calculator/calculator.dart:529:13 • unused_local_variable
warning • The value of the local variable 'rowMarginH' isn't used • lib/features/four_zhu_card/widgets/editable_fourzhu_card/size_calculator/calculator.dart:532:13 • unused_local_variable
warning • The value of the local variable 'pillarConfig' isn't used • lib/features/four_zhu_card/widgets/editable_fourzhu_card/size_calculator/calculator.dart:768:11 • unused_local_variable
warning • The value of the local variable 'maxPillarContentW' isn't used • lib/features/four_zhu_card/widgets/editable_fourzhu_card/size_calculator/calculator.dart:771:12 • unused_local_variable
warning • The value of the local variable 'contentWidth' isn't used • lib/features/four_zhu_card/widgets/editable_fourzhu_card/size_calculator/calculator.dart:860:12 • unused_local_variable
warning • The value of the local variable 'pillarUuid' isn't used • lib/features/four_zhu_card/widgets/editable_fourzhu_card/size_calculator/calculator.dart:870:16 • unused_local_variable
warning • The left operand can't be null, so the right operand is never executed • lib/features/four_zhu_card/widgets/editable_fourzhu_card/size_calculator/calculator.dart:953:60 • dead_null_aware_expression
warning • The left operand can't be null, so the right operand is never executed • lib/features/four_zhu_card/widgets/editable_fourzhu_card/size_calculator/calculator.dart:955:45 • dead_null_aware_expression
warning • The left operand can't be null, so the right operand is never executed • lib/features/four_zhu_card/widgets/editable_fourzhu_card/size_calculator/calculator.dart:972:52 • dead_null_aware_expression
warning • The left operand can't be null, so the right operand is never executed • lib/features/four_zhu_card/widgets/editable_fourzhu_card/size_calculator/calculator.dart:977:26 • dead_null_aware_expression
warning • The left operand can't be null, so the right operand is never executed • lib/features/four_zhu_card/widgets/editable_fourzhu_card/size_calculator/calculator.dart:983:13 • dead_null_aware_expression
warning • The left operand can't be null, so the right operand is never executed • lib/features/four_zhu_card/widgets/editable_fourzhu_card/size_calculator/calculator.dart:995:57 • dead_null_aware_expression
warning • The left operand can't be null, so the right operand is never executed • lib/features/four_zhu_card/widgets/editable_fourzhu_card/size_calculator/calculator.dart:996:63 • dead_null_aware_expression
warning • The left operand can't be null, so the right operand is never executed • lib/features/four_zhu_card/widgets/editable_fourzhu_card/size_calculator/calculator.dart:1023:11 • dead_null_aware_expression
warning • The left operand can't be null, so the right operand is never executed • lib/features/four_zhu_card/widgets/editable_fourzhu_card/size_calculator/calculator.dart:1043:59 • dead_null_aware_expression
warning • The left operand can't be null, so the right operand is never executed • lib/features/four_zhu_card/widgets/editable_fourzhu_card/size_calculator/enhanced_calculator.dart:294:56 • dead_null_aware_expression
warning • The left operand can't be null, so the right operand is never executed • lib/features/four_zhu_card/widgets/editable_fourzhu_card/size_calculator/enhanced_calculator.dart:300:51 • dead_null_aware_expression
   info • 'withOpacity' is deprecated and shouldn't be used. Use .withValues() to avoid precision loss • lib/features/four_zhu_card/widgets/editable_fourzhu_card/size_calculator/ghost_widgets.dart:26:30 • deprecated_member_use
   info • 'withOpacity' is deprecated and shouldn't be used. Use .withValues() to avoid precision loss • lib/features/four_zhu_card/widgets/editable_fourzhu_card/size_calculator/ghost_widgets.dart:57:30 • deprecated_member_use
   info • Parameter 'key' could be a super parameter • lib/features/four_zhu_card/widgets/editable_fourzhu_card/widgets/ghost_pillar_widget.dart:32:9 • use_super_parameters
warning • Unused import: '../../models/pillar_content.dart' • lib/features/four_zhu_card_host/common_house_calculator.dart:15:8 • unused_import
   info • The type of the right operand ('PillarType') isn't a subtype or a supertype of the left operand ('PillarType') • lib/features/four_zhu_card_host/common_house_calculator.dart:58:16 • unrelated_type_equality_checks
   info • The type of the right operand ('PillarType') isn't a subtype or a supertype of the left operand ('PillarType') • lib/features/four_zhu_card_host/common_house_calculator.dart:59:16 • unrelated_type_equality_checks
   info • The type of the right operand ('PillarType') isn't a subtype or a supertype of the left operand ('PillarType') • lib/features/four_zhu_card_host/common_house_calculator.dart:60:16 • unrelated_type_equality_checks
   info • The type of the right operand ('PillarType') isn't a subtype or a supertype of the left operand ('PillarType') • lib/features/four_zhu_card_host/common_house_calculator.dart:61:16 • unrelated_type_equality_checks
   info • 'withOpacity' is deprecated and shouldn't be used. Use .withValues() to avoid precision loss • lib/features/liu_yun/da_yun_liu_nian/dayun_liunian_table_widget.dart:83:35 • deprecated_member_use
   info • 'withOpacity' is deprecated and shouldn't be used. Use .withValues() to avoid precision loss • lib/features/liu_yun/da_yun_liu_nian/dayun_liunian_table_widget.dart:119:31 • deprecated_member_use
   info • 'withOpacity' is deprecated and shouldn't be used. Use .withValues() to avoid precision loss • lib/features/liu_yun/da_yun_liu_nian/dayun_liunian_table_widget.dart:121:50 • deprecated_member_use
   info • 'withOpacity' is deprecated and shouldn't be used. Use .withValues() to avoid precision loss • lib/features/liu_yun/da_yun_liu_nian/dayun_liunian_table_widget.dart:124:35 • deprecated_member_use
warning • The value of the field '_paperAlt' isn't used • lib/features/liu_yun/da_yun_liu_nian/dayun_liunian_table_widget.dart:178:22 • unused_field
   info • 'withOpacity' is deprecated and shouldn't be used. Use .withValues() to avoid precision loss • lib/features/liu_yun/da_yun_liu_nian/dayun_liunian_table_widget.dart:293:35 • deprecated_member_use
   info • Unnecessary braces in a string interpolation • lib/features/liu_yun/da_yun_liu_nian/dayun_liunian_table_widget.dart:506:26 • unnecessary_brace_in_string_interps
   info • Unnecessary braces in a string interpolation • lib/features/liu_yun/da_yun_liu_nian/dayun_liunian_table_widget.dart:520:18 • unnecessary_brace_in_string_interps
   info • Unnecessary braces in a string interpolation • lib/features/liu_yun/da_yun_liu_nian/dayun_liunian_table_widget.dart:520:34 • unnecessary_brace_in_string_interps
   info • Unnecessary braces in a string interpolation • lib/features/liu_yun/da_yun_liu_nian/dayun_liunian_table_widget.dart:520:49 • unnecessary_brace_in_string_interps
   info • Unnecessary braces in a string interpolation • lib/features/liu_yun/da_yun_liu_nian/dayun_liunian_table_widget.dart:520:64 • unnecessary_brace_in_string_interps
   info • 'withOpacity' is deprecated and shouldn't be used. Use .withValues() to avoid precision loss • lib/features/liu_yun/da_yun_liu_nian/dayun_liunian_table_widget.dart:692:38 • deprecated_member_use
   info • 'withOpacity' is deprecated and shouldn't be used. Use .withValues() to avoid precision loss • lib/features/liu_yun/da_yun_liu_nian/dayun_liunian_table_widget.dart:719:44 • deprecated_member_use
   info • 'withOpacity' is deprecated and shouldn't be used. Use .withValues() to avoid precision loss • lib/features/liu_yun/da_yun_liu_nian/dayun_liunian_table_widget.dart:740:37 • deprecated_member_use
   info • 'withOpacity' is deprecated and shouldn't be used. Use .withValues() to avoid precision loss • lib/features/liu_yun/da_yun_liu_nian/dayun_liunian_table_widget.dart:742:55 • deprecated_member_use
   info • 'withOpacity' is deprecated and shouldn't be used. Use .withValues() to avoid precision loss • lib/features/liu_yun/da_yun_liu_nian/dayun_liunian_table_widget.dart:776:51 • deprecated_member_use
   info • 'withOpacity' is deprecated and shouldn't be used. Use .withValues() to avoid precision loss • lib/features/liu_yun/da_yun_liu_nian/dayun_liunian_table_widget.dart:784:43 • deprecated_member_use
   info • 'withOpacity' is deprecated and shouldn't be used. Use .withValues() to avoid precision loss • lib/features/liu_yun/da_yun_liu_nian/dayun_liunian_table_widget.dart:799:42 • deprecated_member_use
warning • A value for optional parameter 'paperColor' isn't ever given • lib/features/liu_yun/da_yun_liu_nian/dayun_liunian_table_widget.dart:883:10 • unused_element_parameter
   info • 'withOpacity' is deprecated and shouldn't be used. Use .withValues() to avoid precision loss • lib/features/liu_yun/da_yun_liu_nian/dayun_liunian_table_widget.dart:905:35 • deprecated_member_use
   info • 'withOpacity' is deprecated and shouldn't be used. Use .withValues() to avoid precision loss • lib/features/liu_yun/da_yun_liu_nian/dayun_liunian_table_widget.dart:931:49 • deprecated_member_use
   info • 'withOpacity' is deprecated and shouldn't be used. Use .withValues() to avoid precision loss • lib/features/liu_yun/da_yun_liu_nian/dayun_liunian_table_widget.dart:949:34 • deprecated_member_use
   info • 'withOpacity' is deprecated and shouldn't be used. Use .withValues() to avoid precision loss • lib/features/liu_yun/da_yun_liu_nian/dayun_liunian_table_widget.dart:1008:40 • deprecated_member_use
   info • 'withOpacity' is deprecated and shouldn't be used. Use .withValues() to avoid precision loss • lib/features/liu_yun/da_yun_liu_nian/dayun_liunian_table_widget.dart:1036:48 • deprecated_member_use
   info • 'withOpacity' is deprecated and shouldn't be used. Use .withValues() to avoid precision loss • lib/features/liu_yun/year_month_table/calender_panel.dart:330:43 • deprecated_member_use
warning • The declaration 'cell' isn't referenced • lib/features/liu_yun/year_month_table/calender_panel.dart:453:16 • unused_element
   info • Unnecessary braces in a string interpolation • lib/features/liu_yun/year_month_table/calender_panel.dart:666:72 • unnecessary_brace_in_string_interps
   info • The import of 'package:flutter/gestures.dart' is unnecessary because all of the used elements are also provided by the import of 'package:flutter/material.dart' • lib/features/liu_yun/year_month_table/ink_five_dim_yunliu_table.dart:6:8 • unnecessary_import
warning • The value of the local variable 'year' isn't used • lib/features/liu_yun/year_month_table/ink_five_dim_yunliu_table.dart:1158:11 • unused_local_variable
   info • 'withOpacity' is deprecated and shouldn't be used. Use .withValues() to avoid precision loss • lib/features/liu_yun/year_month_table/ink_five_dim_yunliu_table.dart:1639:43 • deprecated_member_use
warning • Dead code • lib/features/liu_yun/year_month_table/ink_five_dim_yunliu_table.dart:1910:59 • dead_code
warning • The declaration '_splitTwoLines' isn't referenced • lib/features/liu_yun/year_month_table/ink_five_dim_yunliu_table.dart:1939:10 • unused_element
warning • The declaration '_verticalGanZhi' isn't referenced • lib/features/liu_yun/year_month_table/ink_five_dim_yunliu_table.dart:1998:10 • unused_element
warning • The declaration '_fiveElementTint' isn't referenced • lib/features/liu_yun/year_month_table/ink_five_dim_yunliu_table.dart:2084:9 • unused_element
   info • Constructors for public widgets should have a named 'key' parameter • lib/features/liu_yun/year_month_table/liu_day_cell_widget.dart:22:9 • use_key_in_widget_constructors
   info • 'withOpacity' is deprecated and shouldn't be used. Use .withValues() to avoid precision loss • lib/features/liu_yun/year_month_table/liu_day_cell_widget.dart:329:35 • deprecated_member_use
   info • 'withOpacity' is deprecated and shouldn't be used. Use .withValues() to avoid precision loss • lib/features/liu_yun/year_month_table/liu_day_cell_widget.dart:330:40 • deprecated_member_use
   info • 'withOpacity' is deprecated and shouldn't be used. Use .withValues() to avoid precision loss • lib/features/liu_yun/year_month_table/liu_day_cell_widget.dart:333:45 • deprecated_member_use
   info • 'withOpacity' is deprecated and shouldn't be used. Use .withValues() to avoid precision loss • lib/features/liu_yun/year_month_table/liu_day_cell_widget.dart:357:45 • deprecated_member_use
warning • Unused import: 'yun_liu_table_common.dart' • lib/features/liu_yun/year_month_table/liu_gan_zhi_mini_cell.dart:3:8 • unused_import
   info • Constructors for public widgets should have a named 'key' parameter • lib/features/liu_yun/year_month_table/liu_gan_zhi_mini_cell.dart:14:9 • use_key_in_widget_constructors
   info • 'withOpacity' is deprecated and shouldn't be used. Use .withValues() to avoid precision loss • lib/features/liu_yun/year_month_table/liu_gan_zhi_mini_cell.dart:71:40 • deprecated_member_use
   info • 'withOpacity' is deprecated and shouldn't be used. Use .withValues() to avoid precision loss • lib/features/liu_yun/year_month_table/liu_gan_zhi_mini_cell.dart:118:22 • deprecated_member_use
   info • 'withOpacity' is deprecated and shouldn't be used. Use .withValues() to avoid precision loss • lib/features/liu_yun/year_month_table/liu_gan_zhi_mini_cell.dart:130:37 • deprecated_member_use
   info • 'withOpacity' is deprecated and shouldn't be used. Use .withValues() to avoid precision loss • lib/features/liu_yun/year_month_table/liu_gan_zhi_mini_cell.dart:236:57 • deprecated_member_use
   info • Unnecessary braces in a string interpolation • lib/features/liu_yun/year_month_table/liu_gan_zhi_mini_cell.dart:242:34 • unnecessary_brace_in_string_interps
warning • The value of the local variable 'year' isn't used • lib/features/liu_yun/year_month_table/year_grid.dart:141:11 • unused_local_variable
warning • The declaration '_tenGodDetailsForSeed' isn't referenced • lib/features/liu_yun/year_month_table/year_grid.dart:331:45 • unused_element
   info • 'withOpacity' is deprecated and shouldn't be used. Use .withValues() to avoid precision loss • lib/features/liu_yun/year_month_table/yun_liu_table_common.dart:30:19 • deprecated_member_use
   info • 'withOpacity' is deprecated and shouldn't be used. Use .withValues() to avoid precision loss • lib/features/liu_yun/year_month_table/yun_liu_table_common.dart:71:41 • deprecated_member_use
   info • 'withOpacity' is deprecated and shouldn't be used. Use .withValues() to avoid precision loss • lib/features/liu_yun/year_month_table/yun_liu_table_common.dart:80:38 • deprecated_member_use
warning • The value of the local variable 'backgroundTo' isn't used • lib/features/liu_yun/year_month_table/yun_liu_table_month_widget.dart:50:11 • unused_local_variable
warning • The '!' will have no effect because the receiver can't be null • lib/features/tai_yuan/calculators/day_master_yinyang_calculator.dart:41:62 • unnecessary_non_null_assertion
warning • The getter doesn't override an inherited getter • lib/features/tai_yuan/calculators/direct_conception_calculator.dart:20:14 • override_on_non_overriding_member
warning • The method doesn't override an inherited method • lib/features/tai_yuan/calculators/direct_conception_calculator.dart:23:8 • override_on_non_overriding_member
warning • The value of the local variable 'taiYuanGanZhi' isn't used • lib/features/tai_yuan/calculators/direct_conception_calculator.dart:39:11 • unused_local_variable
warning • The value of the local variable 'finalTaiYuan' isn't used • lib/features/tai_yuan/calculators/month_pillar_calculator.dart:32:11 • unused_local_variable
warning • The value of the local variable 'needsCorrection' isn't used • lib/features/tai_yuan/calculators/month_pillar_calculator.dart:33:10 • unused_local_variable
warning • The value of the local variable 'correctionNote' isn't used • lib/features/tai_yuan/calculators/month_pillar_calculator.dart:34:13 • unused_local_variable
warning • The declaration '_getPreviousDiZhi' isn't referenced • lib/features/tai_yuan/calculators/month_pillar_calculator.dart:67:9 • unused_element
warning • This class (or a class that this class inherits from) is marked as '@immutable', but one or more of its instance fields aren't final: TaiYuanModel.conceptionDateTime, TaiYuanModel.ganZhi, TaiYuanModel.lunarMonth, TaiYuanModel.lunarDay, TaiYuanModel.jieQiInfo, TaiYuanModel.taiYuanGanZhi, TaiYuanModel.adjustedTaiYuan, TaiYuanModel.taiYuanBeforeMonth, TaiYuanModel.isTestTubeBaby, TaiYuanModel.calculateStrategy, TaiYuanModel.totalMatureMonth • lib/features/tai_yuan/tai_yuan_by_days_model.dart:12:7 • must_be_immutable
   info • The member 'toJson' overrides an inherited member but isn't annotated with '@override' • lib/features/tai_yuan/tai_yuan_by_days_model.dart:33:24 • annotate_overrides
warning • This class (or a class that this class inherits from) is marked as '@immutable', but one or more of its instance fields aren't final: TaiYuanModel.conceptionDateTime, TaiYuanModel.ganZhi, TaiYuanModel.lunarMonth, TaiYuanModel.lunarDay, TaiYuanModel.jieQiInfo, TaiYuanModel.taiYuanGanZhi, TaiYuanModel.adjustedTaiYuan, TaiYuanModel.taiYuanBeforeMonth, TaiYuanModel.isTestTubeBaby, TaiYuanModel.calculateStrategy, TaiYuanModel.totalMatureMonth • lib/features/tai_yuan/tai_yuan_model.dart:14:7 • must_be_immutable
   info • Missing type annotation • lib/features/tai_yuan/tai_yuan_model.dart:123:10 • strict_top_level_inference
warning • Unused import: 'dart:math' • lib/helpers/solar_lunar_datetime_helper.dart:1:8 • unused_import
warning • Unused import: 'package:common/datamodel/basic_person_info.dart' • lib/helpers/solar_lunar_datetime_helper.dart:3:8 • unused_import
warning • Unused import: 'package:common/helpers/solar_time_calculator.dart' • lib/helpers/solar_lunar_datetime_helper.dart:4:8 • unused_import
warning • Unused import: 'package:timezone/data/latest.dart' • lib/helpers/solar_lunar_datetime_helper.dart:14:8 • unused_import
warning • Unused import: 'package:common/features/four_zhu/strategies/impl/hour_five_mouse_dun_strategy.dart' • lib/helpers/solar_lunar_datetime_helper.dart:21:8 • unused_import
warning • Unused import: 'package:common/features/four_zhu/strategies/impl/hour_fixed_zi_ping_strategy.dart' • lib/helpers/solar_lunar_datetime_helper.dart:22:8 • unused_import
warning • The value of the local variable 'targetName' isn't used • lib/helpers/solar_lunar_datetime_helper.dart:38:11 • unused_local_variable
warning • The value of the local variable 'df' isn't used • lib/helpers/solar_lunar_datetime_helper.dart:39:11 • unused_local_variable
warning • The value of the local variable 'anchor' isn't used • lib/helpers/solar_lunar_datetime_helper.dart:93:11 • unused_local_variable
   info • The local variable '_prevJieQiBoundary' starts with an underscore • lib/helpers/solar_lunar_datetime_helper.dart:109:32 • no_leading_underscores_for_local_identifiers
   info • The local variable '_nextJieQiBoundary' starts with an underscore • lib/helpers/solar_lunar_datetime_helper.dart:143:32 • no_leading_underscores_for_local_identifiers
   info • The local variable '_nextStabilizingEndAfter' starts with an underscore • lib/helpers/solar_lunar_datetime_helper.dart:189:14 • no_leading_underscores_for_local_identifiers
   info • The local variable '_sameBucket' starts with an underscore • lib/helpers/solar_lunar_datetime_helper.dart:205:10 • no_leading_underscores_for_local_identifiers
   info • The local variable '_entered' starts with an underscore • lib/helpers/solar_lunar_datetime_helper.dart:236:10 • no_leading_underscores_for_local_identifiers
   info • The local variable '_enteredStrict' starts with an underscore • lib/helpers/solar_lunar_datetime_helper.dart:247:10 • no_leading_underscores_for_local_identifiers
warning • The value of the local variable 'lunarMonth' isn't used • lib/helpers/solar_lunar_datetime_helper.dart:397:11 • unused_local_variable
   info • The local variable '_nextStabilizing' starts with an underscore • lib/helpers/solar_lunar_datetime_helper.dart:482:9 • no_leading_underscores_for_local_identifiers
   info • The local variable '_sameBucket' starts with an underscore • lib/helpers/solar_lunar_datetime_helper.dart:501:10 • no_leading_underscores_for_local_identifiers
   info • The local variable '_entered' starts with an underscore • lib/helpers/solar_lunar_datetime_helper.dart:532:10 • no_leading_underscores_for_local_identifiers
warning • The value of the local variable 'longitudeOffsetDuration' isn't used • lib/helpers/solar_lunar_datetime_helper.dart:816:20 • unused_local_variable
   info • The constant name 'WU_HOU' isn't a lowerCamelCase identifier • lib/helpers/solar_lunar_datetime_helper.dart:918:29 • constant_identifier_names
warning • Unused import: 'package:common/models/chinese_date_info.dart' • lib/interfaces/i_divination_time_context_service.dart:1:8 • unused_import
   info • Invalid use of a private type in a public API • lib/line_painter_widget.dart:9:3 • library_private_types_in_public_api
warning • Dead code • lib/line_painter_widget.dart:199:27 • dead_code
   info • Parameter 'key' could be a super parameter • lib/luna_of_month.dart:6:9 • use_super_parameters
   info • Invalid use of a private type in a public API • lib/luna_of_month.dart:9:3 • library_private_types_in_public_api
warning • Unused import: 'package:common/viewmodels/four_zhu_editor_view_model.dart' • lib/main.dart:9:8 • unused_import
   info • The imported package 'flutter_web_plugins' isn't a dependency of the importing package • lib/main.dart:13:8 • depend_on_referenced_packages
warning • Unused import: 'package:common/widgets/yao_widget.dart' • lib/main.dart:16:8 • unused_import
   info • The import of 'package:flutter/cupertino.dart' is unnecessary because all of the used elements are also provided by the import of 'package:flutter/material.dart' • lib/main.dart:17:8 • unnecessary_import
warning • Duplicate import • lib/main.dart:18:8 • duplicate_import
warning • Unused import: 'package:timezone/timezone.dart' • lib/main.dart:22:8 • unused_import
warning • Dead code • lib/main.dart:144:5 • dead_code
   info • The variable name 'build_bao_gua' isn't a lowerCamelCase identifier • lib/main.dart:199:10 • non_constant_identifier_names
   info • Unnecessary instance of 'Container' • lib/main.dart:200:12 • avoid_unnecessary_containers
   info • The variable name 'build_lian_hu' isn't a lowerCamelCase identifier • lib/main.dart:238:10 • non_constant_identifier_names
   info • Unnecessary instance of 'Container' • lib/main.dart:239:12 • avoid_unnecessary_containers
   info • The variable name 'mei_hua_three_gua' isn't a lowerCamelCase identifier • lib/main.dart:286:10 • non_constant_identifier_names
   info • The file name 'ConstantNineGongDataClass.dart' isn't a lower_case_with_underscores identifier • lib/models/ConstantNineGongDataClass.dart:1:1 • file_names
warning • Unused import: '../features/datetime_details/input_info_params.dart' • lib/models/chinese_date_info.dart:7:8 • unused_import
warning • Unused import: 'package:common/module.dart' • lib/models/divination_datetime.dart:3:8 • unused_import
   info • Unnecessary braces in a string interpolation • lib/models/divination_datetime.dart:95:16 • unnecessary_brace_in_string_interps
warning • Unused import: 'package:flutter/material.dart' • lib/models/drag_payloads.dart:4:8 • unused_import
warning • Unused import: 'pillar_styles.dart' • lib/models/drag_payloads.dart:9:8 • unused_import
warning • Unused import: 'row_strategy.dart' • lib/models/drag_payloads.dart:11:8 • unused_import
warning • Unused import: '../features/four_zhu_card/widgets/editable_fourzhu_card/models/base_style_config.dart' • lib/models/drag_payloads.dart:12:8 • unused_import
   info • Parameter 'uuid' could be a super parameter • lib/models/drag_payloads.dart:23:3 • use_super_parameters
warning • This class (or a class that this class inherits from) is marked as '@immutable', but one or more of its instance fields aren't final: CardPayload.pillarOrderUuid, CardPayload.rowOrderUuid, CardPayload.rowMap, CardPayload.pillarMap, CardPayload.gender • lib/models/drag_payloads.dart:89:7 • must_be_immutable
   info • Missing type annotation • lib/models/drag_payloads.dart:115:3 • strict_top_level_inference
   info • Constructors in '@immutable' classes should be declared as 'const' • lib/models/drag_payloads.dart:196:3 • prefer_const_constructors_in_immutables
   info • Missing type annotation • lib/models/drag_payloads.dart:205:3 • strict_top_level_inference
   info • Constructors in '@immutable' classes should be declared as 'const' • lib/models/drag_payloads.dart:218:3 • prefer_const_constructors_in_immutables
warning • This class (or a class that this class inherits from) is marked as '@immutable', but one or more of its instance fields aren't final: EightChars.year, EightChars.month, EightChars.day, EightChars.time • lib/models/eight_chars.dart:12:7 • must_be_immutable
   info • Missing type annotation • lib/models/eight_chars.dart:43:10 • strict_top_level_inference
warning • The declaration '_decodeEnum' isn't referenced • lib/models/pillar_content.dart:148:3 • unused_element
warning • The declaration '_decodeJiaZi' isn't referenced • lib/models/pillar_content.dart:161:7 • unused_element
   info • 'PillarCardStyle' is deprecated and shouldn't be used. Use PillarStyleConfig instead • lib/models/pillar_styles.dart:73:3 • deprecated_member_use_from_same_package
   info • 'PillarPlaceholderStyle' is deprecated and shouldn't be used • lib/models/pillar_styles.dart:79:3 • deprecated_member_use_from_same_package
   info • The import of '../enums/enum_gender.dart' is unnecessary because all of the used elements are also provided by the import of 'package:common/enums.dart' • lib/models/row_strategy.dart:5:8 • unnecessary_import
   info • The import of '../enums/enum_jia_zi.dart' is unnecessary because all of the used elements are also provided by the import of 'package:common/enums.dart' • lib/models/row_strategy.dart:6:8 • unnecessary_import
   info • The member 'toJson' overrides an inherited member but isn't annotated with '@override' • lib/models/shen_sha.dart:52:24 • annotate_overrides
   info • Field overrides a field inherited from 'ShenSha' • lib/models/shen_sha_bundled.dart:20:10 • overridden_fields
   info • The member 'name' overrides an inherited member but isn't annotated with '@override' • lib/models/shen_sha_bundled.dart:20:10 • annotate_overrides
   info • Field overrides a field inherited from 'ShenSha' • lib/models/shen_sha_bundled.dart:21:15 • overridden_fields
   info • The member 'jiXiong' overrides an inherited member but isn't annotated with '@override' • lib/models/shen_sha_bundled.dart:21:15 • annotate_overrides
   info • Field overrides a field inherited from 'ShenSha' • lib/models/shen_sha_bundled.dart:25:17 • overridden_fields
   info • The member 'descriptionList' overrides an inherited member but isn't annotated with '@override' • lib/models/shen_sha_bundled.dart:25:17 • annotate_overrides
   info • Field overrides a field inherited from 'ShenSha' • lib/models/shen_sha_bundled.dart:28:17 • overridden_fields
   info • The member 'locationDescriptionList' overrides an inherited member but isn't annotated with '@override' • lib/models/shen_sha_bundled.dart:28:17 • annotate_overrides
   info • The member 'toJson' overrides an inherited member but isn't annotated with '@override' • lib/models/shen_sha_bundled.dart:36:24 • annotate_overrides
   info • Field overrides a field inherited from 'ShenSha' • lib/models/shen_sha_bundled.dart:41:10 • overridden_fields
   info • The member 'name' overrides an inherited member but isn't annotated with '@override' • lib/models/shen_sha_bundled.dart:41:10 • annotate_overrides
   info • Field overrides a field inherited from 'ShenSha' • lib/models/shen_sha_bundled.dart:42:15 • overridden_fields
   info • The member 'jiXiong' overrides an inherited member but isn't annotated with '@override' • lib/models/shen_sha_bundled.dart:42:15 • annotate_overrides
   info • Field overrides a field inherited from 'ShenSha' • lib/models/shen_sha_bundled.dart:43:17 • overridden_fields
   info • The member 'descriptionList' overrides an inherited member but isn't annotated with '@override' • lib/models/shen_sha_bundled.dart:43:17 • annotate_overrides
   info • Field overrides a field inherited from 'ShenSha' • lib/models/shen_sha_bundled.dart:44:17 • overridden_fields
   info • The member 'locationDescriptionList' overrides an inherited member but isn't annotated with '@override' • lib/models/shen_sha_bundled.dart:44:17 • annotate_overrides
   info • The member 'toJson' overrides an inherited member but isn't annotated with '@override' • lib/models/shen_sha_bundled.dart:52:24 • annotate_overrides
   info • Parameters ''name', 'jiXiong', 'descriptionList', and 'locationDescriptionList'' could be super parameters • lib/models/shen_sha_di_zhi.dart:12:3 • use_super_parameters
   info • Parameters ''name', 'jiXiong', 'descriptionList', and 'locationDescriptionList'' could be super parameters • lib/models/shen_sha_gan_zhi.dart:12:3 • use_super_parameters
   info • Parameters ''name', 'jiXiong', 'descriptionList', and 'locationDescriptionList'' could be super parameters • lib/models/shen_sha_tian_gan.dart:12:3 • use_super_parameters
warning • This class (or a class that this class inherits from) is marked as '@immutable', but one or more of its instance fields aren't final: SPLocationDataModel.appFeatureModule, SPLocationDataModel.isRemembered, SPLocationDataModel.location • lib/models/sp_location_datamodel.dart:10:7 • must_be_immutable
   info • The constant name 'SharedPreferencesBaseKey' isn't a lowerCamelCase identifier • lib/models/sp_location_datamodel.dart:11:23 • constant_identifier_names
warning • The method doesn't override an inherited method • lib/models/sp_location_datamodel.dart:25:24 • override_on_non_overriding_member
warning • This class (or a class that this class inherits from) is marked as '@immutable', but one or more of its instance fields aren't final: SPMyLocationDataModel.appFeatureModule, SPMyLocationDataModel.isDefault, SPMyLocationDataModel.location • lib/models/sp_location_datamodel.dart:43:7 • must_be_immutable
   info • The constant name 'SharedPreferencesBaseKey' isn't a lowerCamelCase identifier • lib/models/sp_location_datamodel.dart:44:23 • constant_identifier_names
warning • The method doesn't override an inherited method • lib/models/sp_location_datamodel.dart:58:24 • override_on_non_overriding_member
warning • This class (or a class that this class inherits from) is marked as '@immutable', but one or more of its instance fields aren't final: SPTimezoneDataModel.appFeatureModule, SPTimezoneDataModel.timezoneStr, SPTimezoneDataModel.isAutoHandleDST, SPTimezoneDataModel.isDefaultTimezone • lib/models/sp_timezone_datamodel.dart:9:7 • must_be_immutable
   info • The constant name 'SharedPreferencesBaseKey' isn't a lowerCamelCase identifier • lib/models/sp_timezone_datamodel.dart:10:23 • constant_identifier_names
warning • The method doesn't override an inherited method • lib/models/sp_timezone_datamodel.dart:24:24 • override_on_non_overriding_member
   info • The imported package 'collection' isn't a dependency of the importing package • lib/models/text_style_config.dart:3:8 • depend_on_referenced_packages
warning • Unused import: '../dev_constant.dart' • lib/models/text_style_config.dart:9:8 • unused_import
   info • The local variable '_toColorMap' starts with an underscore • lib/models/text_style_config.dart:385:24 • no_leading_underscores_for_local_identifiers
warning • The declaration '_colorToHex' isn't referenced • lib/models/text_style_config.dart:512:18 • unused_element
   info • 'alpha' is deprecated and shouldn't be used. Use (*.a * 255.0).round().clamp(0, 255) • lib/models/text_style_config.dart:514:21 • deprecated_member_use
   info • 'red' is deprecated and shouldn't be used. Use (*.r * 255.0).round().clamp(0, 255) • lib/models/text_style_config.dart:515:21 • deprecated_member_use
   info • 'green' is deprecated and shouldn't be used. Use (*.g * 255.0).round().clamp(0, 255) • lib/models/text_style_config.dart:516:21 • deprecated_member_use
   info • 'blue' is deprecated and shouldn't be used. Use (*.b * 255.0).round().clamp(0, 255) • lib/models/text_style_config.dart:517:21 • deprecated_member_use
warning • The declaration '_parseDecoration' isn't referenced • lib/models/text_style_config.dart:556:26 • unused_element
warning • The declaration '_decorationToString' isn't referenced • lib/models/text_style_config.dart:572:18 • unused_element
warning • The declaration '_parseFontStyle' isn't referenced • lib/models/text_style_config.dart:581:21 • unused_element
warning • The declaration '_mapEquals' isn't referenced • lib/models/text_style_config.dart:598:15 • unused_element
warning • The declaration '_mapHash' isn't referenced • lib/models/text_style_config.dart:614:14 • unused_element
   info • 'value' is deprecated and shouldn't be used. Use component accessors like .r or .g, or toARGB32 for an explicit conversion • lib/models/text_style_config.dart:663:23 • deprecated_member_use
   info • 'alpha' is deprecated and shouldn't be used. Use (*.a * 255.0).round().clamp(0, 255) • lib/models/text_style_config.dart:971:39 • deprecated_member_use
   info • Parameters ''name', 'jiXiong', 'descriptionList', and 'locationDescriptionList'' could be super parameters • lib/models/twelve_zhang_sheng.dart:10:3 • use_super_parameters
   info • The member 'toJson' overrides an inherited member but isn't annotated with '@override' • lib/models/twelve_zhang_sheng.dart:19:24 • annotate_overrides
   info • Unnecessary braces in a string interpolation • lib/models/year_month.dart:21:17 • unnecessary_brace_in_string_interps
   info • Unnecessary braces in a string interpolation • lib/models/year_month.dart:21:25 • unnecessary_brace_in_string_interps
   info • Unnecessary braces in a string interpolation • lib/models/year_month.dart:23:13 • unnecessary_brace_in_string_interps
   info • Unnecessary 'this.' qualifier • lib/models/year_month.dart:192:36 • unnecessary_this
warning • The method doesn't override an inherited method • lib/models/yun_yun_info.dart:27:24 • override_on_non_overriding_member
   info • 'EditableFourZhuCardDemoPage' is deprecated and shouldn't be used. Use  instead • lib/navigator.dart:31:15 • deprecated_member_use_from_same_package
   info • Parameter 'key' could be a super parameter • lib/pages/dev_test_lunar_info_card_page.dart:16:9 • use_super_parameters
warning • Unused import: 'package:common/models/pillar_group.dart' • lib/pages/edit_group_page.dart:1:8 • unused_import
   info • Parameter 'key' could be a super parameter • lib/pages/edit_group_page.dart:11:9 • use_super_parameters
warning • Unused import: '../enums/enum_gender.dart' • lib/pages/editable_four_zhu_card_demo_page.dart:3:8 • unused_import
warning • Unused import: '../widgets/editable_fourzhu_card.dart' • lib/pages/editable_four_zhu_card_demo_page.dart:6:8 • unused_import
   info • 'EditableFourZhuCardDemoPage' is deprecated and shouldn't be used. Use  instead • lib/pages/editable_four_zhu_card_demo_page.dart:34:19 • deprecated_member_use_from_same_package
warning • The value of the field '_brightnessNotifier' isn't used • lib/pages/editable_four_zhu_card_demo_page.dart:38:35 • unused_field
warning • The value of the field '_colorPreviewModeNotifier' isn't used • lib/pages/editable_four_zhu_card_demo_page.dart:40:41 • unused_field
   info • 'withOpacity' is deprecated and shouldn't be used. Use .withValues() to avoid precision loss • lib/pages/editable_four_zhu_card_demo_page.dart:320:32 • deprecated_member_use
   info • Parameter 'key' could be a super parameter • lib/pages/layout_editor_page.dart:14:9 • use_super_parameters
   info • Invalid use of a private type in a public API • lib/pages/layout_editor_page.dart:17:3 • library_private_types_in_public_api
   info • The private field _canvasPillars could be 'final' • lib/pages/layout_editor_page.dart:21:20 • prefer_final_fields
   info • The 'child' argument should be last in widget constructor invocations • lib/pages/layout_editor_page.dart:87:15 • sort_child_properties_last
   info • 'onAccept' is deprecated and shouldn't be used. Use onAcceptWithDetails instead. This callback is similar to onAcceptWithDetails but does not provide drag details. This feature was deprecated after v3.14.0-0.2.pre • lib/pages/layout_editor_page.dart:151:23 • deprecated_member_use
warning • Unnecessary cast • lib/pages/layout_editor_page.dart:156:47 • unnecessary_cast
  error • Target of URI doesn't exist: 'package:common/widgets/zi_strategy_settings_card.dart' • lib/pages/zi_strategy_settings_page.dart:2:8 • uri_does_not_exist
  error • The method 'ZiStrategySettingsCard' isn't defined for the type 'ZiStrategySettingsPage' • lib/pages/zi_strategy_settings_page.dart:14:11 • undefined_method
  error • The values in a const list literal must be constants • lib/pages/zi_strategy_settings_page.dart:14:11 • non_constant_list_element
warning • The value of the local variable 'textRadius' isn't used • lib/painter/draw_circle_painter.dart:164:20 • unused_local_variable
warning • The value of the local variable 'starSize' isn't used • lib/painter/draw_circle_painter.dart:216:12 • unused_local_variable
warning • Dead code • lib/painter/draw_circle_painter.dart:234:5 • dead_code
warning • Duplicate export • lib/painter/painter.dart:3:8 • duplicate_export
   info • The imported package 'collection' isn't a dependency of the importing package • lib/repositories/layout_template_repository_impl.dart:1:8 • depend_on_referenced_packages
warning • Unused import: '../models/layout_template_dto.dart' • lib/repositories/layout_template_repository_impl.dart:6:8 • unused_import
   info • 'background' is deprecated and shouldn't be used. Use surface instead. This feature was deprecated after v3.18.0-0.1.pre • lib/themes/app_themes.dart:17:7 • deprecated_member_use
   info • 'onBackground' is deprecated and shouldn't be used. Use onSurface instead. This feature was deprecated after v3.18.0-0.1.pre • lib/themes/app_themes.dart:21:7 • deprecated_member_use
   info • 'background' is deprecated and shouldn't be used. Use surface instead. This feature was deprecated after v3.18.0-0.1.pre • lib/themes/app_themes.dart:39:7 • deprecated_member_use
   info • 'onBackground' is deprecated and shouldn't be used. Use onSurface instead. This feature was deprecated after v3.18.0-0.1.pre • lib/themes/app_themes.dart:43:7 • deprecated_member_use
warning • Unused import: 'package:common/models/pillar_styles.dart' • lib/themes/editable_four_zhu_card_theme.dart:1:8 • unused_import
warning • This class (or a class that this class inherits from) is marked as '@immutable', but one or more of its instance fields aren't final: EditableFourZhuCardTheme.displayHeaderRow, EditableFourZhuCardTheme.displayRowTitleColumn, EditableFourZhuCardTheme.displayCellTitle • lib/themes/editable_four_zhu_card_theme.dart:100:7 • must_be_immutable
   info • Missing type annotation • lib/themes/editable_four_zhu_card_theme.dart:134:3 • strict_top_level_inference
warning • The receiver can't be null, so the null-aware operator '?.' is unnecessary • lib/themes/editable_four_zhu_card_theme.dart:167:9 • invalid_null_aware_operator
warning • The operand can't be 'null', so the condition is always 'true' • lib/themes/editable_four_zhu_card_theme.dart:403:70 • unnecessary_null_comparison
warning • The '!' will have no effect because the receiver can't be null • lib/themes/editable_four_zhu_card_theme.dart:404:36 • unnecessary_non_null_assertion
warning • The receiver can't be null, so the null-aware operator '?.' is unnecessary • lib/themes/editable_four_zhu_card_theme.dart:453:40 • invalid_null_aware_operator
warning • The receiver can't be null, so the null-aware operator '?.' is unnecessary • lib/themes/editable_four_zhu_card_theme.dart:458:20 • invalid_null_aware_operator
warning • The receiver can't be null, so the null-aware operator '?.' is unnecessary • lib/themes/editable_four_zhu_card_theme.dart:461:42 • invalid_null_aware_operator
warning • The receiver can't be null, so the null-aware operator '?.' is unnecessary • lib/themes/editable_four_zhu_card_theme.dart:464:45 • invalid_null_aware_operator
warning • The receiver can't be null, so the null-aware operator '?.' is unnecessary • lib/themes/editable_four_zhu_card_theme.dart:467:45 • invalid_null_aware_operator
warning • The receiver can't be null, so the null-aware operator '?.' is unnecessary • lib/themes/editable_four_zhu_card_theme.dart:470:48 • invalid_null_aware_operator
warning • The receiver can't be null, so the null-aware operator '?.' is unnecessary • lib/themes/editable_four_zhu_card_theme.dart:473:50 • invalid_null_aware_operator
warning • The operand can't be 'null', so the condition is always 'false' • lib/themes/editable_four_zhu_card_theme.dart:478:16 • unnecessary_null_comparison
   info • 'alpha' is deprecated and shouldn't be used. Use (*.a * 255.0).round().clamp(0, 255) • lib/themes/editable_four_zhu_card_theme.dart:479:35 • deprecated_member_use
   info • Missing type annotation • lib/themes/editable_four_zhu_card_theme.dart:576:3 • strict_top_level_inference
   info • Missing type annotation • lib/themes/editable_four_zhu_card_theme.dart:673:3 • strict_top_level_inference
   info • 'background' is deprecated and shouldn't be used. Use surface instead. This feature was deprecated after v3.18.0-0.1.pre • lib/themes/editor_theme.dart:43:9 • deprecated_member_use
   info • 'onBackground' is deprecated and shouldn't be used. Use onSurface instead. This feature was deprecated after v3.18.0-0.1.pre • lib/themes/editor_theme.dart:46:9 • deprecated_member_use
   info • 'background' is deprecated and shouldn't be used. Use surface instead. This feature was deprecated after v3.18.0-0.1.pre • lib/themes/editor_theme.dart:71:9 • deprecated_member_use
   info • 'onBackground' is deprecated and shouldn't be used. Use onSurface instead. This feature was deprecated after v3.18.0-0.1.pre • lib/themes/editor_theme.dart:74:9 • deprecated_member_use
warning • Two keys in a map literal shouldn't be equal • lib/themes/gan_zhi_gua_colors.dart:48:5 • equal_keys_in_map
warning • Unused import: 'package:common/widgets/card_row.dart' • lib/viewmodels/bazi_card_view_model.dart:4:8 • unused_import
   info • Missing type annotation • lib/viewmodels/dev_enter_page_view_model.dart:68:3 • strict_top_level_inference
   info • The type of the right operand ('String?') isn't a subtype or a supertype of the left operand ('ValueNotifier<String?>') • lib/viewmodels/dev_enter_page_view_model.dart:101:18 • unrelated_type_equality_checks
   info • The type of the right operand ('String?') isn't a subtype or a supertype of the left operand ('ValueNotifier<String?>') • lib/viewmodels/dev_enter_page_view_model.dart:107:18 • unrelated_type_equality_checks
warning • Unused import: 'package:flutter/material.dart' • lib/viewmodels/divination_meta_info.dart:1:8 • unused_import
warning • Unused import: '../features/four_zhu_card/widgets/editable_fourzhu_card/models/card_style_config.dart' • lib/viewmodels/editable_four_zhu_theme_controller.dart:7:8 • unused_import
warning • Unused import: '../features/four_zhu_card/widgets/editable_fourzhu_card/models/base_style_config.dart' • lib/viewmodels/editable_four_zhu_theme_controller.dart:9:8 • unused_import
warning • The receiver can't be null, so the null-aware operator '?.' is unnecessary • lib/viewmodels/editable_four_zhu_theme_controller.dart:43:21 • invalid_null_aware_operator
warning • The receiver can't be null, so the null-aware operator '?.' is unnecessary • lib/viewmodels/editable_four_zhu_theme_controller.dart:46:19 • invalid_null_aware_operator
warning • The receiver can't be null, so the null-aware operator '?.' is unnecessary • lib/viewmodels/editable_four_zhu_theme_controller.dart:47:24 • invalid_null_aware_operator
   info • 'value' is deprecated and shouldn't be used. Use component accessors like .r or .g, or toARGB32 for an explicit conversion • lib/viewmodels/editable_four_zhu_theme_controller.dart:47:43 • deprecated_member_use
warning • The '!' will have no effect because the receiver can't be null • lib/viewmodels/editable_four_zhu_theme_controller.dart:48:27 • unnecessary_non_null_assertion
   info • 'value' is deprecated and shouldn't be used. Use component accessors like .r or .g, or toARGB32 for an explicit conversion • lib/viewmodels/editable_four_zhu_theme_controller.dart:48:46 • deprecated_member_use
warning • The operand can't be 'null', so the condition is always 'false' • lib/viewmodels/editable_four_zhu_theme_controller.dart:86:11 • unnecessary_null_comparison
warning • The receiver can't be null, so the null-aware operator '?.' is unnecessary • lib/viewmodels/editable_four_zhu_theme_controller.dart:88:20 • invalid_null_aware_operator
warning • The receiver can't be null, so the null-aware operator '?.' is unnecessary • lib/viewmodels/editable_four_zhu_theme_controller.dart:94:53 • invalid_null_aware_operator
warning • The receiver can't be null, so the null-aware operator '?.' is unnecessary • lib/viewmodels/editable_four_zhu_theme_controller.dart:99:53 • invalid_null_aware_operator
warning • The receiver can't be null, so the null-aware operator '?.' is unnecessary • lib/viewmodels/editable_four_zhu_theme_controller.dart:104:52 • invalid_null_aware_operator
warning • The receiver can't be null, so the null-aware operator '?.' is unnecessary • lib/viewmodels/editable_four_zhu_theme_controller.dart:109:54 • invalid_null_aware_operator
warning • The receiver can't be null, so the null-aware operator '?.' is unnecessary • lib/viewmodels/editable_four_zhu_theme_controller.dart:114:56 • invalid_null_aware_operator
warning • The receiver can't be null, so the null-aware operator '?.' is unnecessary • lib/viewmodels/editable_four_zhu_theme_controller.dart:165:49 • invalid_null_aware_operator
warning • The receiver can't be null, so the null-aware operator '?.' is unnecessary • lib/viewmodels/editable_four_zhu_theme_controller.dart:175:50 • invalid_null_aware_operator
warning • The receiver can't be null, so the null-aware operator '?.' is unnecessary • lib/viewmodels/editable_four_zhu_theme_controller.dart:185:52 • invalid_null_aware_operator
warning • The receiver can't be null, so the null-aware operator '?.' is unnecessary • lib/viewmodels/editable_four_zhu_theme_controller.dart:188:17 • invalid_null_aware_operator
warning • The receiver can't be null, so the null-aware operator '?.' is unnecessary • lib/viewmodels/editable_four_zhu_theme_controller.dart:193:49 • invalid_null_aware_operator
warning • The receiver can't be null, so the null-aware operator '?.' is unnecessary • lib/viewmodels/editable_four_zhu_theme_controller.dart:195:25 • invalid_null_aware_operator
warning • The receiver can't be null, so the null-aware operator '?.' is unnecessary • lib/viewmodels/editable_four_zhu_theme_controller.dart:204:48 • invalid_null_aware_operator
warning • The receiver can't be null, so the null-aware operator '?.' is unnecessary • lib/viewmodels/editable_four_zhu_theme_controller.dart:207:17 • invalid_null_aware_operator
warning • The operand can't be 'null', so the condition is always 'false' • lib/viewmodels/editable_four_zhu_theme_controller.dart:218:11 • unnecessary_null_comparison
   info • 'alpha' is deprecated and shouldn't be used. Use (*.a * 255.0).round().clamp(0, 255) • lib/viewmodels/editable_four_zhu_theme_controller.dart:229:53 • deprecated_member_use
warning • The operand can't be 'null', so the condition is always 'false' • lib/viewmodels/editable_four_zhu_theme_controller.dart:251:11 • unnecessary_null_comparison
   info • 'withOpacity' is deprecated and shouldn't be used. Use .withValues() to avoid precision loss • lib/viewmodels/editable_four_zhu_theme_controller.dart:266:35 • deprecated_member_use
   info • Statements in an if should be enclosed in a block • lib/viewmodels/editable_four_zhu_theme_controller.dart:296:7 • curly_braces_in_flow_control_structures
warning • Unused import: 'package:uuid/v4.dart' • lib/viewmodels/four_zhu_card_demo_viewmodel.dart:4:8 • unused_import
warning • Duplicate import • lib/viewmodels/four_zhu_card_demo_viewmodel.dart:11:8 • duplicate_import
warning • Duplicate import • lib/viewmodels/four_zhu_card_demo_viewmodel.dart:12:8 • duplicate_import
warning • Duplicate import • lib/viewmodels/four_zhu_card_demo_viewmodel.dart:17:8 • duplicate_import
warning • The value of the field '_perCharColors' isn't used • lib/viewmodels/four_zhu_card_demo_viewmodel.dart:63:22 • unused_field
warning • The value of the field '_perGanColors' isn't used • lib/viewmodels/four_zhu_card_demo_viewmodel.dart:66:23 • unused_field
warning • The value of the field '_perZhiColors' isn't used • lib/viewmodels/four_zhu_card_demo_viewmodel.dart:69:21 • unused_field
  error • The argument type 'List<PillarType>' can't be assigned to the parameter type 'List<PillarType>?'.  • lib/viewmodels/four_zhu_editor_view_model.dart:363:53 • argument_type_not_assignable
  error • The argument type 'List<PillarType> (where PillarType is defined in /Users/jingtaiwei/Git/Public/xuan-migration/xuan-common/lib/enums/layout_template_enums.dart)' can't be assigned to the parameter type 'List<PillarType> (where PillarType is defined in /Users/jingtaiwei/Git/Public/xuan-migration/xuan-four-zhu-templates/lib/enums/layout_template_enums.dart)'.  • lib/viewmodels/four_zhu_editor_view_model.dart:795:20 • argument_type_not_assignable
   info • The argument type 'RowType' isn't related to 'RowType' • lib/viewmodels/four_zhu_editor_view_model.dart:805:63 • collection_methods_unrelated_type
   info • The type of the right operand ('BorderType') isn't a subtype or a supertype of the left operand ('BorderType') • lib/viewmodels/four_zhu_editor_view_model.dart:927:40 • unrelated_type_equality_checks
  error • The argument type 'BorderType (where BorderType is defined in /Users/jingtaiwei/Git/Public/xuan-migration/xuan-four-zhu-templates/lib/enums/layout_template_enums.dart)' can't be assigned to the parameter type 'BorderType (where BorderType is defined in /Users/jingtaiwei/Git/Public/xuan-migration/xuan-common/lib/enums/layout_template_enums.dart)'.  • lib/viewmodels/four_zhu_editor_view_model.dart:930:16 • argument_type_not_assignable
   info • The type of the right operand ('RowType') isn't a subtype or a supertype of the left operand ('RowType') • lib/viewmodels/four_zhu_editor_view_model.dart:967:31 • unrelated_type_equality_checks
  error • The argument type 'RowType (where RowType is defined in /Users/jingtaiwei/Git/Public/xuan-migration/xuan-common/lib/enums/layout_template_enums.dart)' can't be assigned to the parameter type 'RowType (where RowType is defined in /Users/jingtaiwei/Git/Public/xuan-migration/xuan-four-zhu-templates/lib/enums/layout_template_enums.dart)'.  • lib/viewmodels/four_zhu_editor_view_model.dart:969:15 • argument_type_not_assignable
  error • The argument type 'TextStyleConfig (where TextStyleConfig is defined in /Users/jingtaiwei/Git/Public/xuan-migration/xuan-common/lib/models/text_style_config.dart)' can't be assigned to the parameter type 'TextStyleConfig (where TextStyleConfig is defined in /Users/jingtaiwei/Git/Public/xuan-migration/xuan-four-zhu-templates/lib/models/text_style_config.dart)'.  • lib/viewmodels/four_zhu_editor_view_model.dart:972:26 • argument_type_not_assignable
   info • The type of the right operand ('RowType') isn't a subtype or a supertype of the left operand ('RowType') • lib/viewmodels/four_zhu_editor_view_model.dart:991:21 • unrelated_type_equality_checks
  error • The argument type 'RowType (where RowType is defined in /Users/jingtaiwei/Git/Public/xuan-migration/xuan-common/lib/enums/layout_template_enums.dart)' can't be assigned to the parameter type 'RowType (where RowType is defined in /Users/jingtaiwei/Git/Public/xuan-migration/xuan-four-zhu-templates/lib/enums/layout_template_enums.dart)'.  • lib/viewmodels/four_zhu_editor_view_model.dart:993:15 • argument_type_not_assignable
  error • The argument type 'TextStyleConfig (where TextStyleConfig is defined in /Users/jingtaiwei/Git/Public/xuan-migration/xuan-common/lib/models/text_style_config.dart)' can't be assigned to the parameter type 'TextStyleConfig (where TextStyleConfig is defined in /Users/jingtaiwei/Git/Public/xuan-migration/xuan-four-zhu-templates/lib/models/text_style_config.dart)'.  • lib/viewmodels/four_zhu_editor_view_model.dart:996:26 • argument_type_not_assignable
   info • The type of the right operand ('RowType') isn't a subtype or a supertype of the left operand ('RowType') • lib/viewmodels/four_zhu_editor_view_model.dart:1053:58 • unrelated_type_equality_checks
   info • The type of the right operand ('RowType') isn't a subtype or a supertype of the left operand ('RowType') • lib/viewmodels/four_zhu_editor_view_model.dart:1056:68 • unrelated_type_equality_checks
  error • The argument type 'Object' can't be assigned to the parameter type 'TextStyleConfig?'.  • lib/viewmodels/four_zhu_editor_view_model.dart:1059:24 • argument_type_not_assignable
  error • The argument type 'Enum?' can't be assigned to the parameter type 'RowTextAlign?'.  • lib/viewmodels/four_zhu_editor_view_model.dart:1061:18 • argument_type_not_assignable
  error • The argument type 'Enum?' can't be assigned to the parameter type 'BorderType?'.  • lib/viewmodels/four_zhu_editor_view_model.dart:1066:19 • argument_type_not_assignable
   info • The type of the right operand ('RowType') isn't a subtype or a supertype of the left operand ('RowType') • lib/viewmodels/four_zhu_editor_view_model.dart:1097:47 • unrelated_type_equality_checks
  error • The argument type 'RowType (where RowType is defined in /Users/jingtaiwei/Git/Public/xuan-migration/xuan-common/lib/enums/layout_template_enums.dart)' can't be assigned to the parameter type 'RowType (where RowType is defined in /Users/jingtaiwei/Git/Public/xuan-migration/xuan-four-zhu-templates/lib/enums/layout_template_enums.dart)'.  • lib/viewmodels/four_zhu_editor_view_model.dart:1100:13 • argument_type_not_assignable
  error • The argument type 'TextStyleConfig (where TextStyleConfig is defined in /Users/jingtaiwei/Git/Public/xuan-migration/xuan-common/lib/models/text_style_config.dart)' can't be assigned to the parameter type 'TextStyleConfig (where TextStyleConfig is defined in /Users/jingtaiwei/Git/Public/xuan-migration/xuan-four-zhu-templates/lib/models/text_style_config.dart)'.  • lib/viewmodels/four_zhu_editor_view_model.dart:1103:24 • argument_type_not_assignable
   info • The argument type 'RowType' isn't related to 'RowType' • lib/viewmodels/four_zhu_editor_view_model.dart:1228:29 • collection_methods_unrelated_type
   info • The type of the right operand ('RowType') isn't a subtype or a supertype of the left operand ('RowType') • lib/viewmodels/four_zhu_editor_view_model.dart:1232:27 • unrelated_type_equality_checks
   info • The argument type 'PillarType' isn't related to 'PillarType' • lib/viewmodels/four_zhu_editor_view_model.dart:1314:36 • collection_methods_unrelated_type
   info • The argument type 'PillarType' isn't related to 'PillarType' • lib/viewmodels/four_zhu_editor_view_model.dart:1338:56 • collection_methods_unrelated_type
  error • The argument type 'PillarType (where PillarType is defined in /Users/jingtaiwei/Git/Public/xuan-migration/xuan-four-zhu-templates/lib/enums/layout_template_enums.dart)' can't be assigned to the parameter type 'PillarType (where PillarType is defined in /Users/jingtaiwei/Git/Public/xuan-migration/xuan-common/lib/enums/layout_template_enums.dart)'.  • lib/viewmodels/four_zhu_editor_view_model.dart:1368:22 • argument_type_not_assignable
  error • The argument type 'List<PillarType>' can't be assigned to the parameter type 'Iterable<PillarType>'.  • lib/viewmodels/four_zhu_editor_view_model.dart:1380:38 • argument_type_not_assignable
  error • The argument type 'List<PillarType>' can't be assigned to the parameter type 'List<PillarType>?'.  • lib/viewmodels/four_zhu_editor_view_model.dart:1384:53 • argument_type_not_assignable
  error • The argument type 'List<PillarType> (where PillarType is defined in /Users/jingtaiwei/Git/Public/xuan-migration/xuan-common/lib/enums/layout_template_enums.dart)' can't be assigned to the parameter type 'List<PillarType> (where PillarType is defined in /Users/jingtaiwei/Git/Public/xuan-migration/xuan-four-zhu-templates/lib/enums/layout_template_enums.dart)'.  • lib/viewmodels/four_zhu_editor_view_model.dart:1572:20 • argument_type_not_assignable
  error • The argument type 'List<PillarType>' can't be assigned to the parameter type 'Iterable<PillarType>'.  • lib/viewmodels/four_zhu_editor_view_model.dart:1572:40 • argument_type_not_assignable
  error • The argument type 'PillarType (where PillarType is defined in /Users/jingtaiwei/Git/Public/xuan-migration/xuan-four-zhu-templates/lib/enums/layout_template_enums.dart)' can't be assigned to the parameter type 'PillarType (where PillarType is defined in /Users/jingtaiwei/Git/Public/xuan-migration/xuan-common/lib/enums/layout_template_enums.dart)'.  • lib/viewmodels/four_zhu_editor_view_model.dart:1634:15 • argument_type_not_assignable
  error • The argument type 'RowType (where RowType is defined in /Users/jingtaiwei/Git/Public/xuan-migration/xuan-common/lib/enums/layout_template_enums.dart)' can't be assigned to the parameter type 'RowType (where RowType is defined in /Users/jingtaiwei/Git/Public/xuan-migration/xuan-four-zhu-templates/lib/enums/layout_template_enums.dart)'.  • lib/viewmodels/four_zhu_editor_view_model.dart:2022:15 • argument_type_not_assignable
  error • The argument type 'TextStyleConfig (where TextStyleConfig is defined in /Users/jingtaiwei/Git/Public/xuan-migration/xuan-common/lib/models/text_style_config.dart)' can't be assigned to the parameter type 'TextStyleConfig (where TextStyleConfig is defined in /Users/jingtaiwei/Git/Public/xuan-migration/xuan-four-zhu-templates/lib/models/text_style_config.dart)'.  • lib/viewmodels/four_zhu_editor_view_model.dart:2025:26 • argument_type_not_assignable
  error • The argument type 'RowType (where RowType is defined in /Users/jingtaiwei/Git/Public/xuan-migration/xuan-common/lib/enums/layout_template_enums.dart)' can't be assigned to the parameter type 'RowType (where RowType is defined in /Users/jingtaiwei/Git/Public/xuan-migration/xuan-four-zhu-templates/lib/enums/layout_template_enums.dart)'.  • lib/viewmodels/four_zhu_editor_view_model.dart:2028:15 • argument_type_not_assignable
  error • The argument type 'TextStyleConfig (where TextStyleConfig is defined in /Users/jingtaiwei/Git/Public/xuan-migration/xuan-common/lib/models/text_style_config.dart)' can't be assigned to the parameter type 'TextStyleConfig (where TextStyleConfig is defined in /Users/jingtaiwei/Git/Public/xuan-migration/xuan-four-zhu-templates/lib/models/text_style_config.dart)'.  • lib/viewmodels/four_zhu_editor_view_model.dart:2031:26 • argument_type_not_assignable
  error • The argument type 'RowType (where RowType is defined in /Users/jingtaiwei/Git/Public/xuan-migration/xuan-common/lib/enums/layout_template_enums.dart)' can't be assigned to the parameter type 'RowType (where RowType is defined in /Users/jingtaiwei/Git/Public/xuan-migration/xuan-four-zhu-templates/lib/enums/layout_template_enums.dart)'.  • lib/viewmodels/four_zhu_editor_view_model.dart:2034:15 • argument_type_not_assignable
  error • The argument type 'TextStyleConfig (where TextStyleConfig is defined in /Users/jingtaiwei/Git/Public/xuan-migration/xuan-common/lib/models/text_style_config.dart)' can't be assigned to the parameter type 'TextStyleConfig (where TextStyleConfig is defined in /Users/jingtaiwei/Git/Public/xuan-migration/xuan-four-zhu-templates/lib/models/text_style_config.dart)'.  • lib/viewmodels/four_zhu_editor_view_model.dart:2037:26 • argument_type_not_assignable
  error • The argument type 'RowType (where RowType is defined in /Users/jingtaiwei/Git/Public/xuan-migration/xuan-common/lib/enums/layout_template_enums.dart)' can't be assigned to the parameter type 'RowType (where RowType is defined in /Users/jingtaiwei/Git/Public/xuan-migration/xuan-four-zhu-templates/lib/enums/layout_template_enums.dart)'.  • lib/viewmodels/four_zhu_editor_view_model.dart:2040:15 • argument_type_not_assignable
  error • The argument type 'TextStyleConfig (where TextStyleConfig is defined in /Users/jingtaiwei/Git/Public/xuan-migration/xuan-common/lib/models/text_style_config.dart)' can't be assigned to the parameter type 'TextStyleConfig (where TextStyleConfig is defined in /Users/jingtaiwei/Git/Public/xuan-migration/xuan-four-zhu-templates/lib/models/text_style_config.dart)'.  • lib/viewmodels/four_zhu_editor_view_model.dart:2043:26 • argument_type_not_assignable
  error • The argument type 'RowType (where RowType is defined in /Users/jingtaiwei/Git/Public/xuan-migration/xuan-common/lib/enums/layout_template_enums.dart)' can't be assigned to the parameter type 'RowType (where RowType is defined in /Users/jingtaiwei/Git/Public/xuan-migration/xuan-four-zhu-templates/lib/enums/layout_template_enums.dart)'.  • lib/viewmodels/four_zhu_editor_view_model.dart:2046:15 • argument_type_not_assignable
  error • The argument type 'TextStyleConfig (where TextStyleConfig is defined in /Users/jingtaiwei/Git/Public/xuan-migration/xuan-common/lib/models/text_style_config.dart)' can't be assigned to the parameter type 'TextStyleConfig (where TextStyleConfig is defined in /Users/jingtaiwei/Git/Public/xuan-migration/xuan-four-zhu-templates/lib/models/text_style_config.dart)'.  • lib/viewmodels/four_zhu_editor_view_model.dart:2049:26 • argument_type_not_assignable
  error • The argument type 'RowType (where RowType is defined in /Users/jingtaiwei/Git/Public/xuan-migration/xuan-common/lib/enums/layout_template_enums.dart)' can't be assigned to the parameter type 'RowType (where RowType is defined in /Users/jingtaiwei/Git/Public/xuan-migration/xuan-four-zhu-templates/lib/enums/layout_template_enums.dart)'.  • lib/viewmodels/four_zhu_editor_view_model.dart:2052:15 • argument_type_not_assignable
  error • The argument type 'TextStyleConfig (where TextStyleConfig is defined in /Users/jingtaiwei/Git/Public/xuan-migration/xuan-common/lib/models/text_style_config.dart)' can't be assigned to the parameter type 'TextStyleConfig (where TextStyleConfig is defined in /Users/jingtaiwei/Git/Public/xuan-migration/xuan-four-zhu-templates/lib/models/text_style_config.dart)'.  • lib/viewmodels/four_zhu_editor_view_model.dart:2055:26 • argument_type_not_assignable
  error • The argument type 'RowType (where RowType is defined in /Users/jingtaiwei/Git/Public/xuan-migration/xuan-common/lib/enums/layout_template_enums.dart)' can't be assigned to the parameter type 'RowType (where RowType is defined in /Users/jingtaiwei/Git/Public/xuan-migration/xuan-four-zhu-templates/lib/enums/layout_template_enums.dart)'.  • lib/viewmodels/four_zhu_editor_view_model.dart:2058:15 • argument_type_not_assignable
  error • The argument type 'TextStyleConfig (where TextStyleConfig is defined in /Users/jingtaiwei/Git/Public/xuan-migration/xuan-common/lib/models/text_style_config.dart)' can't be assigned to the parameter type 'TextStyleConfig (where TextStyleConfig is defined in /Users/jingtaiwei/Git/Public/xuan-migration/xuan-four-zhu-templates/lib/models/text_style_config.dart)'.  • lib/viewmodels/four_zhu_editor_view_model.dart:2061:26 • argument_type_not_assignable
  error • The argument type 'RowType (where RowType is defined in /Users/jingtaiwei/Git/Public/xuan-migration/xuan-common/lib/enums/layout_template_enums.dart)' can't be assigned to the parameter type 'RowType (where RowType is defined in /Users/jingtaiwei/Git/Public/xuan-migration/xuan-four-zhu-templates/lib/enums/layout_template_enums.dart)'.  • lib/viewmodels/four_zhu_editor_view_model.dart:2064:15 • argument_type_not_assignable
  error • The argument type 'TextStyleConfig (where TextStyleConfig is defined in /Users/jingtaiwei/Git/Public/xuan-migration/xuan-common/lib/models/text_style_config.dart)' can't be assigned to the parameter type 'TextStyleConfig (where TextStyleConfig is defined in /Users/jingtaiwei/Git/Public/xuan-migration/xuan-four-zhu-templates/lib/models/text_style_config.dart)'.  • lib/viewmodels/four_zhu_editor_view_model.dart:2067:26 • argument_type_not_assignable
  error • The argument type 'RowType (where RowType is defined in /Users/jingtaiwei/Git/Public/xuan-migration/xuan-four-zhu-templates/lib/enums/layout_template_enums.dart)' can't be assigned to the parameter type 'RowType (where RowType is defined in /Users/jingtaiwei/Git/Public/xuan-migration/xuan-common/lib/enums/layout_template_enums.dart)'.  • lib/viewmodels/four_zhu_editor_view_model.dart:2083:39 • argument_type_not_assignable
  error • The argument type 'TextStyleConfig (where TextStyleConfig is defined in /Users/jingtaiwei/Git/Public/xuan-migration/xuan-four-zhu-templates/lib/models/text_style_config.dart)' can't be assigned to the parameter type 'TextStyleConfig (where TextStyleConfig is defined in /Users/jingtaiwei/Git/Public/xuan-migration/xuan-common/lib/models/text_style_config.dart)'.  • lib/viewmodels/four_zhu_editor_view_model.dart:2084:53 • argument_type_not_assignable
   info • The type of the right operand ('TextStyleConfig') isn't a subtype or a supertype of the left operand ('TextStyleConfig') • lib/viewmodels/four_zhu_editor_view_model.dart:2085:26 • unrelated_type_equality_checks
  error • The argument type 'TextStyleConfig' can't be assigned to the parameter type 'TextStyleConfig?'.  • lib/viewmodels/four_zhu_editor_view_model.dart:2086:64 • argument_type_not_assignable
  error • The argument type 'RowType (where RowType is defined in /Users/jingtaiwei/Git/Public/xuan-migration/xuan-four-zhu-templates/lib/enums/layout_template_enums.dart)' can't be assigned to the parameter type 'RowType (where RowType is defined in /Users/jingtaiwei/Git/Public/xuan-migration/xuan-common/lib/enums/layout_template_enums.dart)'.  • lib/viewmodels/four_zhu_editor_view_model.dart:2089:32 • argument_type_not_assignable
  error • The argument type 'TextStyleConfig (where TextStyleConfig is defined in /Users/jingtaiwei/Git/Public/xuan-migration/xuan-four-zhu-templates/lib/models/text_style_config.dart)' can't be assigned to the parameter type 'TextStyleConfig (where TextStyleConfig is defined in /Users/jingtaiwei/Git/Public/xuan-migration/xuan-common/lib/models/text_style_config.dart)'.  • lib/viewmodels/four_zhu_editor_view_model.dart:2090:53 • argument_type_not_assignable
   info • The type of the right operand ('TextStyleConfig') isn't a subtype or a supertype of the left operand ('TextStyleConfig') • lib/viewmodels/four_zhu_editor_view_model.dart:2091:26 • unrelated_type_equality_checks
  error • The argument type 'TextStyleConfig' can't be assigned to the parameter type 'TextStyleConfig?'.  • lib/viewmodels/four_zhu_editor_view_model.dart:2092:64 • argument_type_not_assignable
   info • The argument type 'PillarType' isn't related to 'PillarType' • lib/viewmodels/four_zhu_editor_view_model.dart:2343:52 • collection_methods_unrelated_type
   info • The argument type 'PillarType' isn't related to 'PillarType' • lib/viewmodels/four_zhu_editor_view_model.dart:2347:37 • collection_methods_unrelated_type
  error • The argument type 'PillarType (where PillarType is defined in /Users/jingtaiwei/Git/Public/xuan-migration/xuan-four-zhu-templates/lib/enums/layout_template_enums.dart)' can't be assigned to the parameter type 'PillarType (where PillarType is defined in /Users/jingtaiwei/Git/Public/xuan-migration/xuan-common/lib/enums/layout_template_enums.dart)'.  • lib/viewmodels/four_zhu_editor_view_model.dart:2348:29 • argument_type_not_assignable
  error • The argument type 'List<PillarType>' can't be assigned to the parameter type 'List<PillarType>?'.  • lib/viewmodels/four_zhu_editor_view_model.dart:2352:42 • argument_type_not_assignable
  error • The argument type 'RowType (where RowType is defined in /Users/jingtaiwei/Git/Public/xuan-migration/xuan-common/lib/enums/layout_template_enums.dart)' can't be assigned to the parameter type 'RowType (where RowType is defined in /Users/jingtaiwei/Git/Public/xuan-migration/xuan-four-zhu-templates/lib/enums/layout_template_enums.dart)'.  • lib/viewmodels/four_zhu_editor_view_model.dart:2420:15 • argument_type_not_assignable
  error • The argument type 'TextStyleConfig (where TextStyleConfig is defined in /Users/jingtaiwei/Git/Public/xuan-migration/xuan-common/lib/models/text_style_config.dart)' can't be assigned to the parameter type 'TextStyleConfig (where TextStyleConfig is defined in /Users/jingtaiwei/Git/Public/xuan-migration/xuan-four-zhu-templates/lib/models/text_style_config.dart)'.  • lib/viewmodels/four_zhu_editor_view_model.dart:2423:26 • argument_type_not_assignable
  error • The argument type 'RowType (where RowType is defined in /Users/jingtaiwei/Git/Public/xuan-migration/xuan-common/lib/enums/layout_template_enums.dart)' can't be assigned to the parameter type 'RowType (where RowType is defined in /Users/jingtaiwei/Git/Public/xuan-migration/xuan-four-zhu-templates/lib/enums/layout_template_enums.dart)'.  • lib/viewmodels/four_zhu_editor_view_model.dart:2427:15 • argument_type_not_assignable
  error • The argument type 'TextStyleConfig (where TextStyleConfig is defined in /Users/jingtaiwei/Git/Public/xuan-migration/xuan-common/lib/models/text_style_config.dart)' can't be assigned to the parameter type 'TextStyleConfig (where TextStyleConfig is defined in /Users/jingtaiwei/Git/Public/xuan-migration/xuan-four-zhu-templates/lib/models/text_style_config.dart)'.  • lib/viewmodels/four_zhu_editor_view_model.dart:2430:26 • argument_type_not_assignable
  error • A value of type 'PillarType' can't be assigned to a variable of type 'PillarType?' • lib/viewmodels/four_zhu_editor_view_model.dart:2517:24 • invalid_assignment
   info • The type of the right operand ('RowType') isn't a subtype or a supertype of the left operand ('RowType') • lib/viewmodels/four_zhu_editor_view_model.dart:2631:56 • unrelated_type_equality_checks
   info • The type of the right operand ('BorderType') isn't a subtype or a supertype of the left operand ('BorderType') • lib/viewmodels/four_zhu_editor_view_model.dart:2866:49 • unrelated_type_equality_checks
   info • The argument type 'RowType' isn't related to 'RowType' • lib/viewmodels/four_zhu_editor_view_model.dart:2922:18 • collection_methods_unrelated_type
   info • The type of the right operand ('TextStyleConfig') isn't a subtype or a supertype of the left operand ('TextStyleConfig?') • lib/viewmodels/four_zhu_editor_view_model.dart:2922:31 • unrelated_type_equality_checks
   info • The argument type 'RowType' isn't related to 'RowType' • lib/viewmodels/four_zhu_editor_view_model.dart:2923:16 • collection_methods_unrelated_type
  error • The argument type 'RowType (where RowType is defined in /Users/jingtaiwei/Git/Public/xuan-migration/xuan-four-zhu-templates/lib/enums/layout_template_enums.dart)' can't be assigned to the parameter type 'RowType (where RowType is defined in /Users/jingtaiwei/Git/Public/xuan-migration/xuan-common/lib/enums/layout_template_enums.dart)'.  • lib/viewmodels/four_zhu_editor_view_model.dart:2923:16 • argument_type_not_assignable
  error • A value of type 'TextStyleConfig (where TextStyleConfig is defined in /Users/jingtaiwei/Git/Public/xuan-migration/xuan-four-zhu-templates/lib/models/text_style_config.dart)' can't be assigned to a variable of type 'TextStyleConfig (where TextStyleConfig is defined in /Users/jingtaiwei/Git/Public/xuan-migration/xuan-common/lib/models/text_style_config.dart)' • lib/viewmodels/four_zhu_editor_view_model.dart:2923:31 • invalid_assignment
   info • The type of the right operand ('RowType') isn't a subtype or a supertype of the left operand ('RowType') • lib/viewmodels/four_zhu_editor_view_model.dart:2966:16 • unrelated_type_equality_checks
   info • The argument type 'RowType' isn't related to 'RowType' • lib/viewmodels/four_zhu_editor_view_model.dart:2976:44 • collection_methods_unrelated_type
   info • The argument type 'RowType' isn't related to 'RowType' • lib/viewmodels/four_zhu_editor_view_model.dart:2977:36 • collection_methods_unrelated_type
   info • The type of the right operand ('RowType') isn't a subtype or a supertype of the left operand ('RowType') • lib/viewmodels/four_zhu_editor_view_model.dart:2994:18 • unrelated_type_equality_checks
  error • The argument type 'RowType (where RowType is defined in /Users/jingtaiwei/Git/Public/xuan-migration/xuan-four-zhu-templates/lib/enums/layout_template_enums.dart)' can't be assigned to the parameter type 'RowType (where RowType is defined in /Users/jingtaiwei/Git/Public/xuan-migration/xuan-common/lib/enums/layout_template_enums.dart)'.  • lib/viewmodels/four_zhu_editor_view_model.dart:3002:38 • argument_type_not_assignable
  error • The argument type 'RowType (where RowType is defined in /Users/jingtaiwei/Git/Public/xuan-migration/xuan-four-zhu-templates/lib/enums/layout_template_enums.dart)' can't be assigned to the parameter type 'RowType (where RowType is defined in /Users/jingtaiwei/Git/Public/xuan-migration/xuan-common/lib/enums/layout_template_enums.dart)'.  • lib/viewmodels/four_zhu_editor_view_model.dart:3004:22 • argument_type_not_assignable
  error • The argument type 'List<PillarType>' can't be assigned to the parameter type 'Iterable<PillarType>'.  • lib/viewmodels/four_zhu_editor_view_model.dart:3028:31 • argument_type_not_assignable
  error • The argument type 'RowType (where RowType is defined in /Users/jingtaiwei/Git/Public/xuan-migration/xuan-common/lib/enums/layout_template_enums.dart)' can't be assigned to the parameter type 'RowType (where RowType is defined in /Users/jingtaiwei/Git/Public/xuan-migration/xuan-four-zhu-templates/lib/enums/layout_template_enums.dart)'.  • lib/viewmodels/four_zhu_layout_controller.dart:48:27 • argument_type_not_assignable
  error • The argument type 'TextStyleConfig (where TextStyleConfig is defined in /Users/jingtaiwei/Git/Public/xuan-migration/xuan-common/lib/models/text_style_config.dart)' can't be assigned to the parameter type 'TextStyleConfig (where TextStyleConfig is defined in /Users/jingtaiwei/Git/Public/xuan-migration/xuan-four-zhu-templates/lib/models/text_style_config.dart)'.  • lib/viewmodels/four_zhu_layout_controller.dart:51:38 • argument_type_not_assignable
  error • The argument type 'RowType (where RowType is defined in /Users/jingtaiwei/Git/Public/xuan-migration/xuan-common/lib/enums/layout_template_enums.dart)' can't be assigned to the parameter type 'RowType (where RowType is defined in /Users/jingtaiwei/Git/Public/xuan-migration/xuan-four-zhu-templates/lib/enums/layout_template_enums.dart)'.  • lib/viewmodels/four_zhu_layout_controller.dart:53:27 • argument_type_not_assignable
  error • The argument type 'TextStyleConfig (where TextStyleConfig is defined in /Users/jingtaiwei/Git/Public/xuan-migration/xuan-common/lib/models/text_style_config.dart)' can't be assigned to the parameter type 'TextStyleConfig (where TextStyleConfig is defined in /Users/jingtaiwei/Git/Public/xuan-migration/xuan-four-zhu-templates/lib/models/text_style_config.dart)'.  • lib/viewmodels/four_zhu_layout_controller.dart:56:38 • argument_type_not_assignable
  error • The argument type 'RowType (where RowType is defined in /Users/jingtaiwei/Git/Public/xuan-migration/xuan-common/lib/enums/layout_template_enums.dart)' can't be assigned to the parameter type 'RowType (where RowType is defined in /Users/jingtaiwei/Git/Public/xuan-migration/xuan-four-zhu-templates/lib/enums/layout_template_enums.dart)'.  • lib/viewmodels/four_zhu_layout_controller.dart:58:27 • argument_type_not_assignable
  error • The argument type 'TextStyleConfig (where TextStyleConfig is defined in /Users/jingtaiwei/Git/Public/xuan-migration/xuan-common/lib/models/text_style_config.dart)' can't be assigned to the parameter type 'TextStyleConfig (where TextStyleConfig is defined in /Users/jingtaiwei/Git/Public/xuan-migration/xuan-four-zhu-templates/lib/models/text_style_config.dart)'.  • lib/viewmodels/four_zhu_layout_controller.dart:61:38 • argument_type_not_assignable
warning • Unused import: 'package:intl/intl.dart' • lib/viewmodels/timezone_location_viewmodel.dart:8:8 • unused_import
   info • Missing type annotation • lib/viewmodels/timezone_location_viewmodel.dart:42:3 • strict_top_level_inference
   info • Missing type annotation • lib/viewmodels/timezone_location_viewmodel.dart:61:7 • strict_top_level_inference
   info • Missing type annotation • lib/viewmodels/timezone_location_viewmodel.dart:150:3 • strict_top_level_inference
warning • The '!' will have no effect because the receiver can't be null • lib/viewmodels/timezone_location_viewmodel.dart:356:56 • unnecessary_non_null_assertion
warning • The '!' will have no effect because the receiver can't be null • lib/viewmodels/timezone_location_viewmodel.dart:423:54 • unnecessary_non_null_assertion
warning • The '!' will have no effect because the receiver can't be null • lib/viewmodels/timezone_location_viewmodel.dart:438:42 • unnecessary_non_null_assertion
warning • Unused import: 'dart:async' • lib/widgets/bazi_display_page.dart:2:8 • unused_import
warning • Unused import: 'package:common/themes/gan_zhi_gua_colors.dart' • lib/widgets/bazi_display_page.dart:7:8 • unused_import
warning • Unused import: 'package:common/widgets/eight_chars_card.dart' • lib/widgets/bazi_display_page.dart:9:8 • unused_import
warning • Unused import: 'package:google_fonts/google_fonts.dart' • lib/widgets/bazi_display_page.dart:11:8 • unused_import
warning • Unused import: '../enums/enum_tian_gan.dart' • lib/widgets/bazi_display_page.dart:15:8 • unused_import
warning • Unused import: '../models/pillar_data.dart' • lib/widgets/bazi_display_page.dart:16:8 • unused_import
   info • Parameter 'key' could be a super parameter • lib/widgets/bazi_display_page.dart:29:9 • use_super_parameters
   info • Parameter 'key' could be a super parameter • lib/widgets/card_row_widget.dart:9:9 • use_super_parameters
warning • Unused import: '../models/sp_location_datamodel.dart' • lib/widgets/city_picker_bottom_sheet.dart:6:8 • unused_import
   info • Parameter 'key' could be a super parameter • lib/widgets/city_picker_bottom_sheet.dart:46:9 • use_super_parameters
   info • The 'child' argument should be last in widget constructor invocations • lib/widgets/city_picker_bottom_sheet.dart:191:33 • sort_child_properties_last
   info • The 'child' argument should be last in widget constructor invocations • lib/widgets/city_picker_bottom_sheet.dart:215:35 • sort_child_properties_last
   info • The import of 'package:flutter/widgets.dart' is unnecessary because all of the used elements are also provided by the import of 'package:flutter/material.dart' • lib/widgets/city_picker_chinese_widget.dart:2:8 • unnecessary_import
   info • Redundant initialization to 'null' • lib/widgets/city_picker_chinese_widget.dart:176:32 • avoid_init_to_null
warning • The receiver can't be null, so the null-aware operator '?.' is unnecessary • lib/widgets/city_picker_chinese_widget.dart:421:61 • invalid_null_aware_operator
warning • The declaration '_buildLocationList' isn't referenced • lib/widgets/city_picker_chinese_widget.dart:495:10 • unused_element
warning • Unused import: 'package:common/models/sp_location_datamodel.dart' • lib/widgets/city_picker_global_widget.dart:4:8 • unused_import
warning • This class (or a class that this class inherits from) is marked as '@immutable', but one or more of its instance fields aren't final: CityPickerGlobalWidget.initAddress • lib/widgets/city_picker_global_widget.dart:15:7 • must_be_immutable
   info • Missing type annotation • lib/widgets/city_picker_global_widget.dart:150:3 • strict_top_level_inference
warning • The declaration '_buildSelectionInfoPanel' isn't referenced • lib/widgets/city_picker_global_widget.dart:373:10 • unused_element
warning • Unused import: 'gan_zhi_picker_alert_dialog.dart' • lib/widgets/destiny_question_widget.dart:7:8 • unused_import
warning • This class (or a class that this class inherits from) is marked as '@immutable', but one or more of its instance fields aren't final: DestinyQuestionWidget.width, DestinyQuestionWidget.enterPageViewModel • lib/widgets/destiny_question_widget.dart:9:7 • must_be_immutable
   info • Use a 'SizedBox' to add whitespace to a layout • lib/widgets/destiny_question_widget.dart:128:9 • sized_box_for_whitespace
   info • Use a 'SizedBox' to add whitespace to a layout • lib/widgets/destiny_question_widget.dart:139:12 • sized_box_for_whitespace
   info • Use a 'SizedBox' to add whitespace to a layout • lib/widgets/destiny_question_widget.dart:197:12 • sized_box_for_whitespace
warning • The declaration '_buildNicknameInput2' isn't referenced • lib/widgets/destiny_question_widget.dart:246:10 • unused_element
warning • The declaration '_buildNameInput2' isn't referenced • lib/widgets/destiny_question_widget.dart:293:10 • unused_element
warning • Unused import: 'package:common/datamodel/divination_request_info_datamodel.dart' • lib/widgets/divination_card_widget.dart:1:8 • unused_import
   info • Parameter 'key' could be a super parameter • lib/widgets/divination_card_widget.dart:14:9 • use_super_parameters
   info • The 'child' argument should be last in widget constructor invocations • lib/widgets/divination_card_widget.dart:139:15 • sort_child_properties_last
   info • The 'child' argument should be last in widget constructor invocations • lib/widgets/divination_card_widget.dart:197:15 • sort_child_properties_last
   info • Use a 'SizedBox' to add whitespace to a layout • lib/widgets/divination_card_widget.dart:263:34 • sized_box_for_whitespace
   info • Use a 'SizedBox' to add whitespace to a layout • lib/widgets/divination_card_widget.dart:337:33 • sized_box_for_whitespace
   info • Use a 'SizedBox' to add whitespace to a layout • lib/widgets/divination_card_widget.dart:370:11 • sized_box_for_whitespace
   info • Use a 'SizedBox' to add whitespace to a layout • lib/widgets/divination_card_widget.dart:421:21 • sized_box_for_whitespace
warning • This class (or a class that this class inherits from) is marked as '@immutable', but one or more of its instance fields aren't final: DivinationDatetimeSelectionCardWidget.timeFormat, DivinationDatetimeSelectionCardWidget.dateFormat, DivinationDatetimeSelectionCardWidget.dateTimeFormat • lib/widgets/divination_datetime_selection_card.dart:22:7 • must_be_immutable
   info • Parameter 'key' could be a super parameter • lib/widgets/divination_datetime_selection_card.dart:31:3 • use_super_parameters
   info • 'DivinationDatetimeSelectionCardWidget' is deprecated and shouldn't be used • lib/widgets/divination_datetime_selection_card.dart:44:19 • deprecated_member_use_from_same_package
   info • The variable name '_DSTBirthTimeNotifier' isn't a lowerCamelCase identifier • lib/widgets/divination_datetime_selection_card.dart:72:39 • non_constant_identifier_names
   info • Use a 'SizedBox' to add whitespace to a layout • lib/widgets/divination_datetime_selection_card.dart:106:11 • sized_box_for_whitespace
   info • The 'child' argument should be last in widget constructor invocations • lib/widgets/divination_datetime_selection_card.dart:214:15 • sort_child_properties_last
warning • The '!' will have no effect because the receiver can't be null • lib/widgets/divination_datetime_selection_card.dart:331:48 • unnecessary_non_null_assertion
   info • Use a 'SizedBox' to add whitespace to a layout • lib/widgets/divination_datetime_selection_card.dart:400:40 • sized_box_for_whitespace
   info • Unnecessary instance of 'Container' • lib/widgets/divination_datetime_selection_card.dart:558:22 • avoid_unnecessary_containers
warning • The left operand can't be null, so the right operand is never executed • lib/widgets/divination_datetime_selection_card.dart:663:47 • dead_null_aware_expression
   info • The 'child' argument should be last in widget constructor invocations • lib/widgets/divination_datetime_selection_card.dart:712:29 • sort_child_properties_last
   info • The 'child' argument should be last in widget constructor invocations • lib/widgets/divination_datetime_selection_card.dart:774:41 • sort_child_properties_last
   info • The 'child' argument should be last in widget constructor invocations • lib/widgets/divination_datetime_selection_card.dart:883:33 • sort_child_properties_last
warning • The value of the local variable 'toSavedTimezoneDataModel' isn't used • lib/widgets/divination_datetime_selection_card.dart:903:25 • unused_local_variable
warning • The value of the local variable 'isAutoHandle' isn't used • lib/widgets/divination_datetime_selection_card.dart:945:10 • unused_local_variable
warning • The value of the local variable 'toSavedTimezoneDataModel' isn't used • lib/widgets/divination_datetime_selection_card.dart:946:25 • unused_local_variable
warning • This class (or a class that this class inherits from) is marked as '@immutable', but one or more of its instance fields aren't final: DivinationQuestionWidget.width, DivinationQuestionWidget.isExpandedNotifier • lib/widgets/divination_question_widget.dart:9:7 • must_be_immutable
   info • Use a 'SizedBox' to add whitespace to a layout • lib/widgets/divination_question_widget.dart:197:12 • sized_box_for_whitespace
warning • The declaration '_buildNicknameInput' isn't referenced • lib/widgets/divination_question_widget.dart:259:10 • unused_element
   info • Parameter 'key' could be a super parameter • lib/widgets/edit_group_widget.dart:10:9 • use_super_parameters
   info • Invalid use of a private type in a public API • lib/widgets/edit_group_widget.dart:13:3 • library_private_types_in_public_api
  error • The argument type 'RowType (where RowType is defined in /Users/jingtaiwei/Git/Public/xuan-migration/xuan-four-zhu-templates/lib/enums/layout_template_enums.dart)' can't be assigned to the parameter type 'RowType (where RowType is defined in /Users/jingtaiwei/Git/Public/xuan-migration/xuan-common/lib/enums/layout_template_enums.dart)'.  • lib/widgets/editor_sidebar_v2.dart:52:21 • argument_type_not_assignable
  error • The argument type 'TextStyleConfig' can't be assigned to the parameter type 'TextStyleConfig?'.  • lib/widgets/editor_sidebar_v2.dart:53:38 • argument_type_not_assignable
  error • The argument type 'RowTextAlign? (where RowTextAlign is defined in /Users/jingtaiwei/Git/Public/xuan-migration/xuan-four-zhu-templates/lib/enums/layout_template_enums.dart)' can't be assigned to the parameter type 'RowTextAlign? (where RowTextAlign is defined in /Users/jingtaiwei/Git/Public/xuan-migration/xuan-common/lib/enums/layout_template_enums.dart)'.  • lib/widgets/editor_sidebar_v2.dart:54:32 • argument_type_not_assignable
  error • The argument type 'BorderType? (where BorderType is defined in /Users/jingtaiwei/Git/Public/xuan-migration/xuan-four-zhu-templates/lib/enums/layout_template_enums.dart)' can't be assigned to the parameter type 'BorderType? (where BorderType is defined in /Users/jingtaiwei/Git/Public/xuan-migration/xuan-common/lib/enums/layout_template_enums.dart)'.  • lib/widgets/editor_sidebar_v2.dart:56:33 • argument_type_not_assignable
   info • 'value' is deprecated and shouldn't be used. Use initialValue instead. This will set the initial value for the form field. This feature was deprecated after v3.33.0-1.0.pre • lib/widgets/editor_sidebar_v2.dart:159:13 • deprecated_member_use
  error • The argument type 'Enum' can't be assigned to the parameter type 'BorderType?'.  • lib/widgets/editor_sidebar_v2.dart:159:20 • argument_type_not_assignable
warning • A value for optional parameter 'key' isn't ever given • lib/widgets/editor_sidebar_v2.dart:271:39 • unused_element_parameter
   info • Unnecessary use of string interpolation • lib/widgets/editor_sidebar_v2.dart:346:24 • unnecessary_string_interpolations
   info • Unnecessary use of string interpolation • lib/widgets/editor_sidebar_v2.dart:375:24 • unnecessary_string_interpolations
   info • Unnecessary use of string interpolation • lib/widgets/editor_sidebar_v2.dart:404:24 • unnecessary_string_interpolations
   info • Unnecessary use of string interpolation • lib/widgets/editor_sidebar_v2.dart:433:24 • unnecessary_string_interpolations
   info • The type of the right operand ('RowType') isn't a subtype or a supertype of the left operand ('RowType') • lib/widgets/editor_sidebar_v2.dart:488:25 • unrelated_type_equality_checks
   info • The type of the right operand ('RowType') isn't a subtype or a supertype of the left operand ('RowType') • lib/widgets/editor_sidebar_v2.dart:489:25 • unrelated_type_equality_checks
   info • The type of the right operand ('RowType') isn't a subtype or a supertype of the left operand ('RowType') • lib/widgets/editor_sidebar_v2.dart:494:25 • unrelated_type_equality_checks
   info • The type of the right operand ('RowType') isn't a subtype or a supertype of the left operand ('RowType') • lib/widgets/editor_sidebar_v2.dart:495:25 • unrelated_type_equality_checks
  error • The argument type 'RowType (where RowType is defined in /Users/jingtaiwei/Git/Public/xuan-migration/xuan-four-zhu-templates/lib/enums/layout_template_enums.dart)' can't be assigned to the parameter type 'RowType (where RowType is defined in /Users/jingtaiwei/Git/Public/xuan-migration/xuan-common/lib/enums/layout_template_enums.dart)'.  • lib/widgets/editor_sidebar_v2.dart:543:44 • argument_type_not_assignable
  error • The argument type 'RowType (where RowType is defined in /Users/jingtaiwei/Git/Public/xuan-migration/xuan-four-zhu-templates/lib/enums/layout_template_enums.dart)' can't be assigned to the parameter type 'RowType (where RowType is defined in /Users/jingtaiwei/Git/Public/xuan-migration/xuan-common/lib/enums/layout_template_enums.dart)'.  • lib/widgets/editor_sidebar_v2.dart:545:49 • argument_type_not_assignable
  error • The argument type 'RowType (where RowType is defined in /Users/jingtaiwei/Git/Public/xuan-migration/xuan-four-zhu-templates/lib/enums/layout_template_enums.dart)' can't be assigned to the parameter type 'RowType (where RowType is defined in /Users/jingtaiwei/Git/Public/xuan-migration/xuan-common/lib/enums/layout_template_enums.dart)'.  • lib/widgets/editor_sidebar_v2.dart:585:29 • argument_type_not_assignable
warning • The value of the local variable 'label' isn't used • lib/widgets/editor_sidebar_v2.dart:638:11 • unused_local_variable
  error • The argument type 'RowType (where RowType is defined in /Users/jingtaiwei/Git/Public/xuan-migration/xuan-four-zhu-templates/lib/enums/layout_template_enums.dart)' can't be assigned to the parameter type 'RowType (where RowType is defined in /Users/jingtaiwei/Git/Public/xuan-migration/xuan-common/lib/enums/layout_template_enums.dart)'.  • lib/widgets/editor_sidebar_v2.dart:638:35 • argument_type_not_assignable
  error • The argument type 'RowType (where RowType is defined in /Users/jingtaiwei/Git/Public/xuan-migration/xuan-four-zhu-templates/lib/enums/layout_template_enums.dart)' can't be assigned to the parameter type 'RowType (where RowType is defined in /Users/jingtaiwei/Git/Public/xuan-migration/xuan-common/lib/enums/layout_template_enums.dart)'.  • lib/widgets/editor_sidebar_v2.dart:644:13 • argument_type_not_assignable
  error • The argument type 'TextStyleConfig (where TextStyleConfig is defined in /Users/jingtaiwei/Git/Public/xuan-migration/xuan-four-zhu-templates/lib/models/text_style_config.dart)' can't be assigned to the parameter type 'TextStyleConfig (where TextStyleConfig is defined in /Users/jingtaiwei/Git/Public/xuan-migration/xuan-common/lib/models/text_style_config.dart)'.  • lib/widgets/editor_sidebar_v2.dart:647:22 • argument_type_not_assignable
   info • The type of the right operand ('RowType') isn't a subtype or a supertype of the left operand ('RowType') • lib/widgets/editor_sidebar_v2.dart:650:34 • unrelated_type_equality_checks
  error • The argument type 'TextStyleConfig' can't be assigned to the parameter type 'TextStyleConfig?'.  • lib/widgets/editor_sidebar_v2.dart:658:30 • argument_type_not_assignable
warning • The declaration '_applyTextStyleToConfig' isn't referenced • lib/widgets/editor_sidebar_v2.dart:718:13 • unused_element
warning • The value of the local variable 'shadowHex' isn't used • lib/widgets/editor_sidebar_v2.dart:720:13 • unused_local_variable
warning • The value of the local variable 'shadowX' isn't used • lib/widgets/editor_sidebar_v2.dart:721:13 • unused_local_variable
warning • The value of the local variable 'shadowY' isn't used • lib/widgets/editor_sidebar_v2.dart:721:22 • unused_local_variable
warning • The value of the local variable 'shadowBlur' isn't used • lib/widgets/editor_sidebar_v2.dart:721:31 • unused_local_variable
  error • The argument type 'TextStyleConfig' can't be assigned to the parameter type 'TextStyleConfig?'.  • lib/widgets/editor_sidebar_v2.dart:732:24 • argument_type_not_assignable
warning • The declaration '_tryParseColor' isn't referenced • lib/widgets/editor_sidebar_v2.dart:742:10 • unused_element
   info • 'alpha' is deprecated and shouldn't be used. Use (*.a * 255.0).round().clamp(0, 255) • lib/widgets/editor_sidebar_v2.dart:758:17 • deprecated_member_use
   info • 'red' is deprecated and shouldn't be used. Use (*.r * 255.0).round().clamp(0, 255) • lib/widgets/editor_sidebar_v2.dart:759:17 • deprecated_member_use
   info • 'green' is deprecated and shouldn't be used. Use (*.g * 255.0).round().clamp(0, 255) • lib/widgets/editor_sidebar_v2.dart:760:17 • deprecated_member_use
   info • 'blue' is deprecated and shouldn't be used. Use (*.b * 255.0).round().clamp(0, 255) • lib/widgets/editor_sidebar_v2.dart:761:17 • deprecated_member_use
warning • The declaration '_fontWeightToString' isn't referenced • lib/widgets/editor_sidebar_v2.dart:766:11 • unused_element
warning • The declaration '_stringToFontWeight' isn't referenced • lib/widgets/editor_sidebar_v2.dart:773:15 • unused_element
  error • The argument type 'RowType (where RowType is defined in /Users/jingtaiwei/Git/Public/xuan-migration/xuan-four-zhu-templates/lib/enums/layout_template_enums.dart)' can't be assigned to the parameter type 'RowType (where RowType is defined in /Users/jingtaiwei/Git/Public/xuan-migration/xuan-common/lib/enums/layout_template_enums.dart)'.  • lib/widgets/editor_sidebar_v2.dart:920:46 • argument_type_not_assignable
   info • The type of the right operand ('RowType') isn't a subtype or a supertype of the left operand ('RowType') • lib/widgets/editor_sidebar_v2.dart:944:14 • unrelated_type_equality_checks
   info • The type of the right operand ('RowType') isn't a subtype or a supertype of the left operand ('RowType') • lib/widgets/editor_sidebar_v2.dart:944:40 • unrelated_type_equality_checks
  error • The argument type 'RowType (where RowType is defined in /Users/jingtaiwei/Git/Public/xuan-migration/xuan-four-zhu-templates/lib/enums/layout_template_enums.dart)' can't be assigned to the parameter type 'RowType (where RowType is defined in /Users/jingtaiwei/Git/Public/xuan-migration/xuan-common/lib/enums/layout_template_enums.dart)'.  • lib/widgets/editor_sidebar_v2.dart:956:35 • argument_type_not_assignable
   info • The type of the right operand ('RowType') isn't a subtype or a supertype of the left operand ('RowType') • lib/widgets/editor_sidebar_v2.dart:959:14 • unrelated_type_equality_checks
   info • The type of the right operand ('RowType') isn't a subtype or a supertype of the left operand ('RowType') • lib/widgets/editor_sidebar_v2.dart:974:21 • unrelated_type_equality_checks
   info • The type of the right operand ('RowType') isn't a subtype or a supertype of the left operand ('RowType') • lib/widgets/editor_sidebar_v2.dart:987:21 • unrelated_type_equality_checks
   info • The type of the right operand ('RowType') isn't a subtype or a supertype of the left operand ('RowType') • lib/widgets/editor_sidebar_v2.dart:996:21 • unrelated_type_equality_checks
   info • The type of the right operand ('RowType') isn't a subtype or a supertype of the left operand ('RowType') • lib/widgets/editor_sidebar_v2.dart:998:21 • unrelated_type_equality_checks
  error • The argument type 'RowType (where RowType is defined in /Users/jingtaiwei/Git/Public/xuan-migration/xuan-four-zhu-templates/lib/enums/layout_template_enums.dart)' can't be assigned to the parameter type 'RowType (where RowType is defined in /Users/jingtaiwei/Git/Public/xuan-migration/xuan-common/lib/enums/layout_template_enums.dart)'.  • lib/widgets/editor_sidebar_v2.dart:1008:15 • argument_type_not_assignable
  error • The argument type 'TextStyleConfig (where TextStyleConfig is defined in /Users/jingtaiwei/Git/Public/xuan-migration/xuan-four-zhu-templates/lib/models/text_style_config.dart)' can't be assigned to the parameter type 'TextStyleConfig (where TextStyleConfig is defined in /Users/jingtaiwei/Git/Public/xuan-migration/xuan-common/lib/models/text_style_config.dart)'.  • lib/widgets/editor_sidebar_v2.dart:1010:24 • argument_type_not_assignable
  error • The argument type 'TextStyleConfig' can't be assigned to the parameter type 'TextStyleConfig?'.  • lib/widgets/editor_sidebar_v2.dart:1016:32 • argument_type_not_assignable
warning • The declaration '_applyTextStyleToConfig' isn't referenced • lib/widgets/editor_sidebar_v2.dart:1048:13 • unused_element
warning • The value of the local variable 'shadowHex' isn't used • lib/widgets/editor_sidebar_v2.dart:1050:13 • unused_local_variable
warning • The value of the local variable 'shadowX' isn't used • lib/widgets/editor_sidebar_v2.dart:1051:13 • unused_local_variable
warning • The value of the local variable 'shadowY' isn't used • lib/widgets/editor_sidebar_v2.dart:1051:22 • unused_local_variable
warning • The value of the local variable 'shadowBlur' isn't used • lib/widgets/editor_sidebar_v2.dart:1051:31 • unused_local_variable
  error • The argument type 'TextStyleConfig' can't be assigned to the parameter type 'TextStyleConfig?'.  • lib/widgets/editor_sidebar_v2.dart:1062:24 • argument_type_not_assignable
warning • The declaration '_tryParseColor' isn't referenced • lib/widgets/editor_sidebar_v2.dart:1071:10 • unused_element
   info • 'alpha' is deprecated and shouldn't be used. Use (*.a * 255.0).round().clamp(0, 255) • lib/widgets/editor_sidebar_v2.dart:1086:17 • deprecated_member_use
   info • 'red' is deprecated and shouldn't be used. Use (*.r * 255.0).round().clamp(0, 255) • lib/widgets/editor_sidebar_v2.dart:1087:17 • deprecated_member_use
   info • 'green' is deprecated and shouldn't be used. Use (*.g * 255.0).round().clamp(0, 255) • lib/widgets/editor_sidebar_v2.dart:1088:17 • deprecated_member_use
   info • 'blue' is deprecated and shouldn't be used. Use (*.b * 255.0).round().clamp(0, 255) • lib/widgets/editor_sidebar_v2.dart:1089:17 • deprecated_member_use
warning • The declaration '_fontWeightToString' isn't referenced • lib/widgets/editor_sidebar_v2.dart:1094:11 • unused_element
warning • The declaration '_stringToFontWeight' isn't referenced • lib/widgets/editor_sidebar_v2.dart:1100:15 • unused_element
   info • 'value' is deprecated and shouldn't be used. Use initialValue instead. This will set the initial value for the form field. This feature was deprecated after v3.33.0-1.0.pre • lib/widgets/editor_sidebar_v2.dart:1197:13 • deprecated_member_use
warning • The declaration '_TemplateTabBar' isn't referenced • lib/widgets/editor_top_bar.dart:375:7 • unused_element
   info • 'withOpacity' is deprecated and shouldn't be used. Use .withValues() to avoid precision loss • lib/widgets/editor_top_bar.dart:442:39 • deprecated_member_use
   info • 'withOpacity' is deprecated and shouldn't be used. Use .withValues() to avoid precision loss • lib/widgets/editor_top_bar.dart:444:37 • deprecated_member_use
   info • 'withOpacity' is deprecated and shouldn't be used. Use .withValues() to avoid precision loss • lib/widgets/editor_top_bar.dart:446:41 • deprecated_member_use
   info • 'withOpacity' is deprecated and shouldn't be used. Use .withValues() to avoid precision loss • lib/widgets/editor_top_bar.dart:447:57 • deprecated_member_use
   info • 'withOpacity' is deprecated and shouldn't be used. Use .withValues() to avoid precision loss • lib/widgets/editor_top_bar.dart:487:57 • deprecated_member_use
   info • 'withOpacity' is deprecated and shouldn't be used. Use .withValues() to avoid precision loss • lib/widgets/editor_top_bar.dart:488:50 • deprecated_member_use
warning • The declaration '_TemplateDropdownSelector' isn't referenced • lib/widgets/editor_top_bar.dart:509:7 • unused_element
warning • The declaration '_ViewModeSelector' isn't referenced • lib/widgets/editor_top_bar.dart:643:7 • unused_element
   info • Parameter 'key' could be a super parameter • lib/widgets/eight_chars_card.dart:8:9 • use_super_parameters
   info • Use 'isNotEmpty' instead of 'length' to test whether the collection is empty • lib/widgets/eight_chars_card_builder.dart:48:43 • prefer_is_empty
   info • Use 'isNotEmpty' instead of 'length' to test whether the collection is empty • lib/widgets/eight_chars_card_builder.dart:98:43 • prefer_is_empty
   info • Use 'isNotEmpty' instead of 'length' to test whether the collection is empty • lib/widgets/eight_chars_card_builder.dart:147:43 • prefer_is_empty
   info • Use 'isNotEmpty' instead of 'length' to test whether the collection is empty • lib/widgets/eight_chars_card_builder.dart:201:45 • prefer_is_empty
warning • Unused import: 'package:auto_size_text/auto_size_text.dart' • lib/widgets/eight_chars_input_card.dart:1:8 • unused_import
warning • Unused import: 'package:board_datetime_picker/board_datetime_picker.dart' • lib/widgets/eight_chars_input_card.dart:2:8 • unused_import
warning • Unused import: 'package:common/datamodel/basic_person_info.dart' • lib/widgets/eight_chars_input_card.dart:3:8 • unused_import
warning • Unused import: 'package:common/helpers/solar_time_calculator.dart' • lib/widgets/eight_chars_input_card.dart:4:8 • unused_import
warning • Unused import: 'package:common/widgets/city_picker_bottom_sheet.dart' • lib/widgets/eight_chars_input_card.dart:6:8 • unused_import
warning • Unused import: 'package:common/widgets/eight_chars_picker_bottom_sheet.dart' • lib/widgets/eight_chars_input_card.dart:7:8 • unused_import
warning • Unused import: 'package:flutter_shakemywidget/flutter_shakemywidget.dart' • lib/widgets/eight_chars_input_card.dart:9:8 • unused_import
warning • Unused import: 'package:slide_switcher/slide_switcher.dart' • lib/widgets/eight_chars_input_card.dart:12:8 • unused_import
warning • Unused import: 'package:timezone/timezone.dart' • lib/widgets/eight_chars_input_card.dart:13:8 • unused_import
warning • Unused import: 'responseive_datetime_dialog.dart' • lib/widgets/eight_chars_input_card.dart:20:8 • unused_import
   info • Use a 'SizedBox' to add whitespace to a layout • lib/widgets/eight_chars_input_card.dart:133:22 • sized_box_for_whitespace
   info • The local variable '_bt' starts with an underscore • lib/widgets/eight_chars_input_card.dart:256:17 • no_leading_underscores_for_local_identifiers
   info • Use a 'SizedBox' to add whitespace to a layout • lib/widgets/eight_chars_input_card.dart:309:15 • sized_box_for_whitespace
   info • The local variable '_bt' starts with an underscore • lib/widgets/eight_chars_input_card.dart:373:60 • no_leading_underscores_for_local_identifiers
   info • Parameter 'key' could be a super parameter • lib/widgets/eight_chars_picker_bottom_sheet.dart:43:9 • use_super_parameters
warning • The value of the field '_birthYearGanList' isn't used • lib/widgets/eight_chars_picker_bottom_sheet.dart:65:9 • unused_field
warning • The value of the field '_birthYearZhiList' isn't used • lib/widgets/eight_chars_picker_bottom_sheet.dart:67:9 • unused_field
warning • This class (or a class that this class inherits from) is marked as '@immutable', but one or more of its instance fields aren't final: EightCharsSelectCardListWidget.selectableCardsNotifier, EightCharsSelectCardListWidget.enterPageViewModel, EightCharsSelectCardListWidget.contentPadding, EightCharsSelectCardListWidget.cardSize • lib/widgets/eight_chars_select_card_list_widget.dart:9:7 • must_be_immutable
warning • The '!' will have no effect because the receiver can't be null • lib/widgets/eight_chars_select_card_list_widget.dart:38:41 • unnecessary_non_null_assertion
   info • Unnecessary constructor invocation • lib/widgets/eight_chars_select_card_list_widget.dart:60:38 • prefer_collection_literals
warning • This class (or a class that this class inherits from) is marked as '@immutable', but one or more of its instance fields aren't final: EightCharsSelectionCard.isSelected, EightCharsSelectionCard.queryDateTime, EightCharsSelectionCard.onTap, EightCharsSelectionCard.timeFormat, EightCharsSelectionCard.dateFormat, EightCharsSelectionCard.dateTimeFormat, EightCharsSelectionCard.highLight, EightCharsSelectionCard.size, EightCharsSelectionCard.margin, EightCharsSelectionCard.titleTextStyle, EightCharsSelectionCard.ganZhiTextStyle, EightCharsSelectionCard.naYinTextStyle, EightCharsSelectionCard.zhuTitleTextStyle, EightCharsSelectionCard.eachColumnWidth, EightCharsSelectionCard.eachColumnIntervalWidth • lib/widgets/eight_chars_selection_card.dart:10:7 • must_be_immutable
   info • Unnecessary instance of 'Container' • lib/widgets/eight_chars_selection_card.dart:170:9 • avoid_unnecessary_containers
warning • This default clause is covered by the previous cases • lib/widgets/eight_chars_selection_card.dart:469:7 • unreachable_switch_default
warning • This class (or a class that this class inherits from) is marked as '@immutable', but one or more of its instance fields aren't final: EightGuaWidget.gua, EightGuaWidget.yaoSize, EightGuaWidget.intervalHeight, EightGuaWidget.color, EightGuaWidget.withShadow • lib/widgets/eight_gua_widget.dart:7:7 • must_be_immutable
warning • Unused import: 'package:common/datamodel/basic_person_info.dart' • lib/widgets/flutter_map_screen.dart:5:8 • unused_import
warning • Unused import: 'package:geolocator/geolocator.dart' • lib/widgets/flutter_map_screen.dart:11:8 • unused_import
   info • The imported package 'latlong2' isn't a dependency of the importing package • lib/widgets/flutter_map_screen.dart:12:8 • depend_on_referenced_packages
warning • This class (or a class that this class inherits from) is marked as '@immutable', but one or more of its instance fields aren't final: FlutterMapScreen.seekerLocation, FlutterMapScreen.seerLocation, FlutterMapScreen.seekerIcon • lib/widgets/flutter_map_screen.dart:18:7 • must_be_immutable
warning • The '!' will have no effect because the receiver can't be null • lib/widgets/flutter_map_screen.dart:49:50 • unnecessary_non_null_assertion
   info • Use a 'SizedBox' to add whitespace to a layout • lib/widgets/flutter_map_screen.dart:169:13 • sized_box_for_whitespace
warning • The declaration '_buildTimeZonePolygons' isn't referenced • lib/widgets/flutter_map_screen.dart:483:8 • unused_element
   info • The local variable '_tmpPolygon' starts with an underscore • lib/widgets/flutter_map_screen.dart:495:21 • no_leading_underscores_for_local_identifiers
   info • Function literals shouldn't be passed to 'forEach' • lib/widgets/flutter_map_screen.dart:502:23 • avoid_function_literals_in_foreach_calls
warning • The declaration '_generateCirclePoints' isn't referenced • lib/widgets/flutter_map_screen.dart:558:16 • unused_element
   info • The local variable '_tmpPolygon' starts with an underscore • lib/widgets/flutter_map_screen.dart:804:19 • no_leading_underscores_for_local_identifiers
   info • The local variable '_tmpPolygon' starts with an underscore • lib/widgets/flutter_map_screen.dart:810:19 • no_leading_underscores_for_local_identifiers
   info • Function literals shouldn't be passed to 'forEach' • lib/widgets/flutter_map_screen.dart:817:21 • avoid_function_literals_in_foreach_calls
   info • The local variable '_tmpPolygon' starts with an underscore • lib/widgets/flutter_map_screen.dart:859:19 • no_leading_underscores_for_local_identifiers
   info • Function literals shouldn't be passed to 'forEach' • lib/widgets/flutter_map_screen.dart:866:21 • avoid_function_literals_in_foreach_calls
   info • The type of the right operand ('BorderType') isn't a subtype or a supertype of the left operand ('BorderType') • lib/widgets/four_zhu_card_editor_page/editor_workspace.dart:1093:49 • unrelated_type_equality_checks
   info • The argument type 'RowType' isn't related to 'RowType' • lib/widgets/four_zhu_card_editor_page/editor_workspace.dart:1139:14 • collection_methods_unrelated_type
  error • The argument type 'RowType (where RowType is defined in /Users/jingtaiwei/Git/Public/xuan-migration/xuan-four-zhu-templates/lib/enums/layout_template_enums.dart)' can't be assigned to the parameter type 'RowType (where RowType is defined in /Users/jingtaiwei/Git/Public/xuan-migration/xuan-common/lib/enums/layout_template_enums.dart)'.  • lib/widgets/four_zhu_card_editor_page/editor_workspace.dart:1139:14 • argument_type_not_assignable
  error • A value of type 'TextStyleConfig (where TextStyleConfig is defined in /Users/jingtaiwei/Git/Public/xuan-migration/xuan-four-zhu-templates/lib/models/text_style_config.dart)' can't be assigned to a variable of type 'TextStyleConfig (where TextStyleConfig is defined in /Users/jingtaiwei/Git/Public/xuan-migration/xuan-common/lib/models/text_style_config.dart)' • lib/widgets/four_zhu_card_editor_page/editor_workspace.dart:1139:29 • invalid_assignment
   info • The type of the right operand ('RowType') isn't a subtype or a supertype of the left operand ('RowType') • lib/widgets/four_zhu_card_editor_page/editor_workspace.dart:1145:39 • unrelated_type_equality_checks
  error • The argument type 'List<PillarType>' can't be assigned to the parameter type 'Iterable<PillarType>'.  • lib/widgets/four_zhu_card_editor_page/editor_workspace.dart:1149:26 • argument_type_not_assignable
  error • The argument type 'List<PillarType>' can't be assigned to the parameter type 'Iterable<PillarType>'.  • lib/widgets/four_zhu_card_editor_page/editor_workspace.dart:1172:26 • argument_type_not_assignable
  error • The argument type 'RowType (where RowType is defined in /Users/jingtaiwei/Git/Public/xuan-migration/xuan-common/lib/enums/layout_template_enums.dart)' can't be assigned to the parameter type 'RowType (where RowType is defined in /Users/jingtaiwei/Git/Public/xuan-migration/xuan-four-zhu-templates/lib/enums/layout_template_enums.dart)'.  • lib/widgets/four_zhu_card_editor_page/editor_workspace.dart:1237:21 • argument_type_not_assignable
  error • The argument type 'TextStyleConfig (where TextStyleConfig is defined in /Users/jingtaiwei/Git/Public/xuan-migration/xuan-common/lib/models/text_style_config.dart)' can't be assigned to the parameter type 'TextStyleConfig (where TextStyleConfig is defined in /Users/jingtaiwei/Git/Public/xuan-migration/xuan-four-zhu-templates/lib/models/text_style_config.dart)'.  • lib/widgets/four_zhu_card_editor_page/editor_workspace.dart:1240:32 • argument_type_not_assignable
  error • The argument type 'RowType (where RowType is defined in /Users/jingtaiwei/Git/Public/xuan-migration/xuan-common/lib/enums/layout_template_enums.dart)' can't be assigned to the parameter type 'RowType (where RowType is defined in /Users/jingtaiwei/Git/Public/xuan-migration/xuan-four-zhu-templates/lib/enums/layout_template_enums.dart)'.  • lib/widgets/four_zhu_card_editor_page/editor_workspace.dart:1243:21 • argument_type_not_assignable
  error • The argument type 'TextStyleConfig (where TextStyleConfig is defined in /Users/jingtaiwei/Git/Public/xuan-migration/xuan-common/lib/models/text_style_config.dart)' can't be assigned to the parameter type 'TextStyleConfig (where TextStyleConfig is defined in /Users/jingtaiwei/Git/Public/xuan-migration/xuan-four-zhu-templates/lib/models/text_style_config.dart)'.  • lib/widgets/four_zhu_card_editor_page/editor_workspace.dart:1246:32 • argument_type_not_assignable
  error • The argument type 'RowType (where RowType is defined in /Users/jingtaiwei/Git/Public/xuan-migration/xuan-common/lib/enums/layout_template_enums.dart)' can't be assigned to the parameter type 'RowType (where RowType is defined in /Users/jingtaiwei/Git/Public/xuan-migration/xuan-four-zhu-templates/lib/enums/layout_template_enums.dart)'.  • lib/widgets/four_zhu_card_editor_page/editor_workspace.dart:1249:21 • argument_type_not_assignable
  error • The argument type 'TextStyleConfig (where TextStyleConfig is defined in /Users/jingtaiwei/Git/Public/xuan-migration/xuan-common/lib/models/text_style_config.dart)' can't be assigned to the parameter type 'TextStyleConfig (where TextStyleConfig is defined in /Users/jingtaiwei/Git/Public/xuan-migration/xuan-four-zhu-templates/lib/models/text_style_config.dart)'.  • lib/widgets/four_zhu_card_editor_page/editor_workspace.dart:1252:32 • argument_type_not_assignable
  error • The argument type 'RowType (where RowType is defined in /Users/jingtaiwei/Git/Public/xuan-migration/xuan-common/lib/enums/layout_template_enums.dart)' can't be assigned to the parameter type 'RowType (where RowType is defined in /Users/jingtaiwei/Git/Public/xuan-migration/xuan-four-zhu-templates/lib/enums/layout_template_enums.dart)'.  • lib/widgets/four_zhu_card_editor_page/editor_workspace.dart:1255:21 • argument_type_not_assignable
  error • The argument type 'TextStyleConfig (where TextStyleConfig is defined in /Users/jingtaiwei/Git/Public/xuan-migration/xuan-common/lib/models/text_style_config.dart)' can't be assigned to the parameter type 'TextStyleConfig (where TextStyleConfig is defined in /Users/jingtaiwei/Git/Public/xuan-migration/xuan-four-zhu-templates/lib/models/text_style_config.dart)'.  • lib/widgets/four_zhu_card_editor_page/editor_workspace.dart:1258:32 • argument_type_not_assignable
  error • The argument type 'RowType (where RowType is defined in /Users/jingtaiwei/Git/Public/xuan-migration/xuan-common/lib/enums/layout_template_enums.dart)' can't be assigned to the parameter type 'RowType (where RowType is defined in /Users/jingtaiwei/Git/Public/xuan-migration/xuan-four-zhu-templates/lib/enums/layout_template_enums.dart)'.  • lib/widgets/four_zhu_card_editor_page/editor_workspace.dart:1261:21 • argument_type_not_assignable
  error • The argument type 'TextStyleConfig (where TextStyleConfig is defined in /Users/jingtaiwei/Git/Public/xuan-migration/xuan-common/lib/models/text_style_config.dart)' can't be assigned to the parameter type 'TextStyleConfig (where TextStyleConfig is defined in /Users/jingtaiwei/Git/Public/xuan-migration/xuan-four-zhu-templates/lib/models/text_style_config.dart)'.  • lib/widgets/four_zhu_card_editor_page/editor_workspace.dart:1264:32 • argument_type_not_assignable
  error • The argument type 'RowType (where RowType is defined in /Users/jingtaiwei/Git/Public/xuan-migration/xuan-common/lib/enums/layout_template_enums.dart)' can't be assigned to the parameter type 'RowType (where RowType is defined in /Users/jingtaiwei/Git/Public/xuan-migration/xuan-four-zhu-templates/lib/enums/layout_template_enums.dart)'.  • lib/widgets/four_zhu_card_editor_page/editor_workspace.dart:1267:21 • argument_type_not_assignable
  error • The argument type 'TextStyleConfig (where TextStyleConfig is defined in /Users/jingtaiwei/Git/Public/xuan-migration/xuan-common/lib/models/text_style_config.dart)' can't be assigned to the parameter type 'TextStyleConfig (where TextStyleConfig is defined in /Users/jingtaiwei/Git/Public/xuan-migration/xuan-four-zhu-templates/lib/models/text_style_config.dart)'.  • lib/widgets/four_zhu_card_editor_page/editor_workspace.dart:1270:32 • argument_type_not_assignable
   info • The type of the right operand ('RowType') isn't a subtype or a supertype of the left operand ('RowType') • lib/widgets/four_zhu_card_editor_page/editor_workspace.dart:1282:16 • unrelated_type_equality_checks
   info • The type of the right operand ('RowType') isn't a subtype or a supertype of the left operand ('RowType') • lib/widgets/four_zhu_card_editor_page/editor_workspace.dart:1289:16 • unrelated_type_equality_checks
   info • The argument type 'RowType' isn't related to 'RowType' • lib/widgets/four_zhu_card_editor_page/editor_workspace.dart:1299:32 • collection_methods_unrelated_type
   info • The argument type 'RowType' isn't related to 'RowType' • lib/widgets/four_zhu_card_editor_page/editor_workspace.dart:1300:21 • collection_methods_unrelated_type
  error • The argument type 'RowType (where RowType is defined in /Users/jingtaiwei/Git/Public/xuan-migration/xuan-four-zhu-templates/lib/enums/layout_template_enums.dart)' can't be assigned to the parameter type 'RowType (where RowType is defined in /Users/jingtaiwei/Git/Public/xuan-migration/xuan-common/lib/enums/layout_template_enums.dart)'.  • lib/widgets/four_zhu_card_editor_page/editor_workspace.dart:1300:21 • argument_type_not_assignable
  error • The argument type 'RowType (where RowType is defined in /Users/jingtaiwei/Git/Public/xuan-migration/xuan-four-zhu-templates/lib/enums/layout_template_enums.dart)' can't be assigned to the parameter type 'RowType (where RowType is defined in /Users/jingtaiwei/Git/Public/xuan-migration/xuan-common/lib/enums/layout_template_enums.dart)'.  • lib/widgets/four_zhu_card_editor_page/editor_workspace.dart:1304:18 • argument_type_not_assignable
   info • Unnecessary 'const' keyword • lib/widgets/four_zhu_card_editor_page/editor_workspace.dart:1425:53 • unnecessary_const
   info • Unnecessary 'const' keyword • lib/widgets/four_zhu_card_editor_page/editor_workspace.dart:1426:53 • unnecessary_const
   info • Unnecessary use of string interpolation • lib/widgets/four_zhu_card_editor_page/editor_workspace.dart:1454:25 • unnecessary_string_interpolations
warning • This class (or a class that this class inherits from) is marked as '@immutable', but one or more of its instance fields aren't final: FourZhuEightChar.zodiacGanColors, FourZhuEightChar.zodiacZhiColors, FourZhuEightChar.kongWangWidget, FourZhuEightChar.isColorful, FourZhuEightChar.normalTextStyle, FourZhuEightChar.twelveDiZhiTextStyle, FourZhuEightChar.tianGanTextStyle, FourZhuEightChar.size • lib/widgets/four_zhu_eight_char.dart:9:7 • must_be_immutable
   info • The variable name 'four_zhu_eight_char' isn't a lowerCamelCase identifier • lib/widgets/four_zhu_eight_char.dart:61:10 • non_constant_identifier_names
   info • The variable name 'each_zhu' isn't a lowerCamelCase identifier • lib/widgets/four_zhu_eight_char.dart:164:10 • non_constant_identifier_names
warning • Unused import: 'package:tuple/tuple.dart' • lib/widgets/four_zhu_eight_chars_card.dart:7:8 • unused_import
warning • Unused import: '../enums/enum_di_zhi.dart' • lib/widgets/four_zhu_eight_chars_card.dart:9:8 • unused_import
warning • Unused import: '../enums/enum_tian_gan.dart' • lib/widgets/four_zhu_eight_chars_card.dart:11:8 • unused_import
warning • This class (or a class that this class inherits from) is marked as '@immutable', but one or more of its instance fields aren't final: FourZhuEightCharsCard.keZhu • lib/widgets/four_zhu_eight_chars_card.dart:13:7 • must_be_immutable
   info • Parameter 'key' could be a super parameter • lib/widgets/four_zhu_eight_chars_card.dart:24:3 • use_super_parameters
warning • This class (or a class that this class inherits from) is marked as '@immutable', but one or more of its instance fields aren't final: JiaZiPickerDialog.initJiaZi, JiaZiPickerDialog.initJiaZiList • lib/widgets/gan_zhi_picker_alert_dialog.dart:19:7 • must_be_immutable
   info • The private field _selectedJiaZiNotifier could be 'final' • lib/widgets/gan_zhi_picker_alert_dialog.dart:30:25 • prefer_final_fields
   info • The private field _tianGanNotifier could be 'final' • lib/widgets/gan_zhi_picker_alert_dialog.dart:31:27 • prefer_final_fields
   info • The private field _diZhiNotifier could be 'final' • lib/widgets/gan_zhi_picker_alert_dialog.dart:32:25 • prefer_final_fields
   info • The variable name 'ge_ju_template' isn't a lowerCamelCase identifier • lib/widgets/ge_ju_panel_template_ji_1.dart:19:10 • non_constant_identifier_names
   info • The imported package 'collection' isn't a dependency of the importing package • lib/widgets/generic_pillar_card.dart:1:8 • depend_on_referenced_packages
warning • Unused import: 'package:common/themes/gan_zhi_gua_colors.dart' • lib/widgets/generic_pillar_card.dart:6:8 • unused_import
   info • Parameter 'key' could be a super parameter • lib/widgets/generic_pillar_card.dart:40:9 • use_super_parameters
   info • Invalid use of a private type in a public API • lib/widgets/generic_pillar_card.dart:67:3 • library_private_types_in_public_api
   info • Statements in an if should be enclosed in a block • lib/widgets/generic_pillar_card.dart:108:7 • curly_braces_in_flow_control_structures
   info • Statements in an if should be enclosed in a block • lib/widgets/generic_pillar_card.dart:111:7 • curly_braces_in_flow_control_structures
  error • The type 'BorderType' isn't exhaustively matched by the switch cases since it doesn't match the pattern 'BorderType.solid' • lib/widgets/generic_pillar_card.dart:151:5 • non_exhaustive_switch_statement
warning • The matched value type 'BorderType (where BorderType is defined in /Users/jingtaiwei/Git/Public/xuan-migration/xuan-four-zhu-templates/lib/enums/layout_template_enums.dart)' can never be equal to this constant of type 'BorderType (where BorderType is defined in /Users/jingtaiwei/Git/Public/xuan-migration/xuan-common/lib/enums/layout_template_enums.dart)' • lib/widgets/generic_pillar_card.dart:152:12 • constant_pattern_never_matches_value_type
warning • The matched value type 'BorderType (where BorderType is defined in /Users/jingtaiwei/Git/Public/xuan-migration/xuan-four-zhu-templates/lib/enums/layout_template_enums.dart)' can never be equal to this constant of type 'BorderType (where BorderType is defined in /Users/jingtaiwei/Git/Public/xuan-migration/xuan-common/lib/enums/layout_template_enums.dart)' • lib/widgets/generic_pillar_card.dart:154:12 • constant_pattern_never_matches_value_type
warning • The matched value type 'BorderType (where BorderType is defined in /Users/jingtaiwei/Git/Public/xuan-migration/xuan-four-zhu-templates/lib/enums/layout_template_enums.dart)' can never be equal to this constant of type 'BorderType (where BorderType is defined in /Users/jingtaiwei/Git/Public/xuan-migration/xuan-common/lib/enums/layout_template_enums.dart)' • lib/widgets/generic_pillar_card.dart:156:12 • constant_pattern_never_matches_value_type
warning • The matched value type 'BorderType (where BorderType is defined in /Users/jingtaiwei/Git/Public/xuan-migration/xuan-four-zhu-templates/lib/enums/layout_template_enums.dart)' can never be equal to this constant of type 'BorderType (where BorderType is defined in /Users/jingtaiwei/Git/Public/xuan-migration/xuan-common/lib/enums/layout_template_enums.dart)' • lib/widgets/generic_pillar_card.dart:157:12 • constant_pattern_never_matches_value_type
warning • The matched value type 'RowTextAlign?' can never be equal to this constant of type 'RowTextAlign' • lib/widgets/generic_pillar_card.dart:171:12 • constant_pattern_never_matches_value_type
warning • The matched value type 'RowTextAlign?' can never be equal to this constant of type 'RowTextAlign' • lib/widgets/generic_pillar_card.dart:173:12 • constant_pattern_never_matches_value_type
warning • The matched value type 'RowTextAlign?' can never be equal to this constant of type 'RowTextAlign' • lib/widgets/generic_pillar_card.dart:175:12 • constant_pattern_never_matches_value_type
warning • The value of the local variable 'fromCfg' isn't used • lib/widgets/generic_pillar_card.dart:196:11 • unused_local_variable
warning • This class (or a class that this class inherits from) is marked as '@immutable', but one or more of its instance fields aren't final: GoldText.linearGradient, GoldText.linearGradient2, GoldText.linearGradient3 • lib/widgets/gold_text.dart:3:7 • must_be_immutable
   info • The variable name 'build_v1' isn't a lowerCamelCase identifier • lib/widgets/gold_text.dart:16:10 • non_constant_identifier_names
   info • The variable name 'build_v2' isn't a lowerCamelCase identifier • lib/widgets/gold_text.dart:82:10 • non_constant_identifier_names
warning • Unused import: 'package:sweph/sweph.dart' • lib/widgets/jie_qi_rise_set_card.dart:3:8 • unused_import
warning • The value of the local variable 'localTimezone' isn't used • lib/widgets/jie_qi_rise_set_card.dart:40:11 • unused_local_variable
   info • Don't use 'BuildContext's across async gaps, guarded by an unrelated 'mounted' check • lib/widgets/jieqi_entry_settings_card.dart:47:42 • use_build_context_synchronously
   info • 'groupValue' is deprecated and shouldn't be used. Use a RadioGroup ancestor to manage group value instead. This feature was deprecated after v3.32.0-0.0.pre • lib/widgets/jieqi_entry_settings_card.dart:56:15 • deprecated_member_use
   info • 'onChanged' is deprecated and shouldn't be used. Use RadioGroup to handle value change instead. This feature was deprecated after v3.32.0-0.0.pre • lib/widgets/jieqi_entry_settings_card.dart:57:15 • deprecated_member_use
   info • 'groupValue' is deprecated and shouldn't be used. Use a RadioGroup ancestor to manage group value instead. This feature was deprecated after v3.32.0-0.0.pre • lib/widgets/jieqi_entry_settings_card.dart:63:15 • deprecated_member_use
   info • 'onChanged' is deprecated and shouldn't be used. Use RadioGroup to handle value change instead. This feature was deprecated after v3.32.0-0.0.pre • lib/widgets/jieqi_entry_settings_card.dart:64:15 • deprecated_member_use
   info • 'groupValue' is deprecated and shouldn't be used. Use a RadioGroup ancestor to manage group value instead. This feature was deprecated after v3.32.0-0.0.pre • lib/widgets/jieqi_entry_settings_card.dart:69:15 • deprecated_member_use
   info • 'onChanged' is deprecated and shouldn't be used. Use RadioGroup to handle value change instead. This feature was deprecated after v3.32.0-0.0.pre • lib/widgets/jieqi_entry_settings_card.dart:70:15 • deprecated_member_use
   info • 'groupValue' is deprecated and shouldn't be used. Use a RadioGroup ancestor to manage group value instead. This feature was deprecated after v3.32.0-0.0.pre • lib/widgets/jieqi_entry_settings_card.dart:76:15 • deprecated_member_use
   info • 'onChanged' is deprecated and shouldn't be used. Use RadioGroup to handle value change instead. This feature was deprecated after v3.32.0-0.0.pre • lib/widgets/jieqi_entry_settings_card.dart:77:15 • deprecated_member_use
   info • Parameter 'key' could be a super parameter • lib/widgets/layout_editor_sidebar.dart:12:9 • use_super_parameters
   info • Invalid use of a private type in a public API • lib/widgets/layout_editor_sidebar.dart:15:3 • library_private_types_in_public_api
warning • The value of the local variable 'theme' isn't used • lib/widgets/layout_editor_sidebar.dart:29:11 • unused_local_variable
   info • 'value' is deprecated and shouldn't be used. Use initialValue instead. This will set the initial value for the form field. This feature was deprecated after v3.33.0-1.0.pre • lib/widgets/layout_editor_sidebar.dart:47:19 • deprecated_member_use
warning • This class (or a class that this class inherits from) is marked as '@immutable', but one or more of its instance fields aren't final: LunarDateInfoCard.underlingWidth • lib/widgets/lunar_date_info_card.dart:13:7 • must_be_immutable
   info • Parameter 'key' could be a super parameter • lib/widgets/lunar_date_info_card.dart:21:3 • use_super_parameters
warning • The value of the local variable 'primaryTextColor' isn't used • lib/widgets/lunar_date_info_card.dart:115:11 • unused_local_variable
   info • Parameter 'key' could be a super parameter • lib/widgets/pillar_card.dart:9:9 • use_super_parameters
warning • Duplicate import • lib/widgets/pillar_options_card.dart:4:8 • duplicate_import
warning • Duplicate import • lib/widgets/pillar_options_card.dart:5:8 • duplicate_import
   info • Parameter 'key' could be a super parameter • lib/widgets/pillar_options_card.dart:16:9 • use_super_parameters
   info • Parameter 'key' could be a super parameter • lib/widgets/pillar_palette.dart:8:9 • use_super_parameters
warning • The value of the local variable 'data' isn't used • lib/widgets/pillar_preset_card.dart:22:11 • unused_local_variable
warning • The value of the local variable 'theme' isn't used • lib/widgets/pillar_preset_list.dart:89:11 • unused_local_variable
   info • The private field _mapper could be 'final' • lib/widgets/query_time_input_card.dart:461:50 • prefer_final_fields
   info • Use a 'SizedBox' to add whitespace to a layout • lib/widgets/query_time_input_card.dart:587:11 • sized_box_for_whitespace
   info • Missing a deprecation message • lib/widgets/query_time_input_card.dart:662:3 • provide_deprecation_message
warning • The declaration '_mainContainer2' isn't referenced • lib/widgets/query_time_input_card.dart:663:10 • unused_element
   info • The 'child' argument should be last in widget constructor invocations • lib/widgets/query_time_input_card.dart:721:15 • sort_child_properties_last
   info • The 'child' argument should be last in widget constructor invocations • lib/widgets/query_time_input_card.dart:1013:41 • sort_child_properties_last
   info • Use a 'SizedBox' to add whitespace to a layout • lib/widgets/query_time_input_card.dart:1026:39 • sized_box_for_whitespace
   info • The 'child' argument should be last in widget constructor invocations • lib/widgets/query_time_input_card.dart:1030:45 • sort_child_properties_last
   info • Use a 'SizedBox' to add whitespace to a layout • lib/widgets/query_time_input_card.dart:1058:37 • sized_box_for_whitespace
   info • Don't use 'BuildContext's across async gaps • lib/widgets/query_time_input_card.dart:1136:45 • use_build_context_synchronously
   info • The 'child' argument should be last in widget constructor invocations • lib/widgets/query_time_input_card.dart:1195:59 • sort_child_properties_last
   info • Unnecessary instance of 'Container' • lib/widgets/query_time_input_card.dart:1330:18 • avoid_unnecessary_containers
warning • Dead code • lib/widgets/query_time_input_card.dart:1332:11 • dead_code
   info • Use a 'SizedBox' to add whitespace to a layout • lib/widgets/query_time_input_card.dart:1357:20 • sized_box_for_whitespace
   info • Use a 'SizedBox' to add whitespace to a layout • lib/widgets/query_time_input_card.dart:1476:19 • sized_box_for_whitespace
warning • The value of the local variable 'largeFontSize' isn't used • lib/widgets/query_time_input_card.dart:1542:12 • unused_local_variable
   info • Don't use 'BuildContext's across async gaps • lib/widgets/query_time_input_card.dart:1597:21 • use_build_context_synchronously
warning • The value of the local variable 'largeFontSize' isn't used • lib/widgets/query_time_input_card.dart:1648:12 • unused_local_variable
   info • Use a 'SizedBox' to add whitespace to a layout • lib/widgets/query_time_input_card.dart:1649:12 • sized_box_for_whitespace
   info • Use a 'SizedBox' to add whitespace to a layout • lib/widgets/query_time_input_card.dart:1820:12 • sized_box_for_whitespace
   info • Unnecessary use of 'toList' in a spread • lib/widgets/query_time_input_card.dart:1954:49 • unnecessary_to_list_in_spreads
   info • 'toLngLatSelectPage' is deprecated and shouldn't be used. 已废弃 • lib/widgets/query_time_input_card.dart:2061:36 • deprecated_member_use_from_same_package
   info • Unnecessary instance of 'Container' • lib/widgets/query_time_input_card.dart:2113:14 • avoid_unnecessary_containers
   info • The 'child' argument should be last in widget constructor invocations • lib/widgets/query_time_input_card.dart:2138:23 • sort_child_properties_last
warning • The '!' will have no effect because the receiver can't be null • lib/widgets/query_time_input_card.dart:2233:34 • unnecessary_non_null_assertion
warning • The '!' will have no effect because the receiver can't be null • lib/widgets/query_time_input_card.dart:2266:47 • unnecessary_non_null_assertion
   info • Unnecessary instance of 'Container' • lib/widgets/query_time_input_card.dart:2267:28 • avoid_unnecessary_containers
   info • The 'child' argument should be last in widget constructor invocations • lib/widgets/query_time_input_card.dart:2330:29 • sort_child_properties_last
   info • The 'child' argument should be last in widget constructor invocations • lib/widgets/query_time_input_card.dart:2387:33 • sort_child_properties_last
   info • The 'child' argument should be last in widget constructor invocations • lib/widgets/query_time_input_card.dart:2458:23 • sort_child_properties_last
   info • The 'child' argument should be last in widget constructor invocations • lib/widgets/query_time_input_card.dart:2491:23 • sort_child_properties_last
warning • This default clause is covered by the previous cases • lib/widgets/query_time_input_card.dart:2524:7 • unreachable_switch_default
   info • Parameter 'key' could be a super parameter • lib/widgets/reorderable_row_item.dart:8:9 • use_super_parameters
   info • Invalid use of a private type in a public API • lib/widgets/reorderable_row_item.dart:16:3 • library_private_types_in_public_api
   info • 'value' is deprecated and shouldn't be used. Use initialValue instead. This will set the initial value for the form field. This feature was deprecated after v3.33.0-1.0.pre • lib/widgets/reorderable_row_item.dart:72:21 • deprecated_member_use
warning • Unused import: 'package:common/widgets/eight_chars_input_card.dart' • lib/widgets/responseive_datetime_dialog.dart:1:8 • unused_import
warning • Unused import: '../models/divination_datetime.dart' • lib/widgets/responseive_datetime_dialog.dart:5:8 • unused_import
   info • Parameter 'key' could be a super parameter • lib/widgets/responseive_datetime_dialog.dart:10:9 • use_super_parameters
  error • A value of type 'RowTextAlign? (where RowTextAlign is defined in /Users/jingtaiwei/Git/Public/xuan-migration/xuan-four-zhu-templates/lib/enums/layout_template_enums.dart)' can't be assigned to a variable of type 'RowTextAlign? (where RowTextAlign is defined in /Users/jingtaiwei/Git/Public/xuan-migration/xuan-common/lib/enums/layout_template_enums.dart)' • lib/widgets/row_style_editor_form.dart:52:26 • invalid_assignment
  error • A value of type 'BorderType? (where BorderType is defined in /Users/jingtaiwei/Git/Public/xuan-migration/xuan-four-zhu-templates/lib/enums/layout_template_enums.dart)' can't be assigned to a variable of type 'BorderType? (where BorderType is defined in /Users/jingtaiwei/Git/Public/xuan-migration/xuan-common/lib/enums/layout_template_enums.dart)' • lib/widgets/row_style_editor_form.dart:53:27 • invalid_assignment
   info • 'value' is deprecated and shouldn't be used. Use component accessors like .r or .g, or toARGB32 for an explicit conversion • lib/widgets/row_style_editor_form.dart:75:22 • deprecated_member_use
  error • The argument type 'RowType (where RowType is defined in /Users/jingtaiwei/Git/Public/xuan-migration/xuan-four-zhu-templates/lib/enums/layout_template_enums.dart)' can't be assigned to the parameter type 'RowType (where RowType is defined in /Users/jingtaiwei/Git/Public/xuan-migration/xuan-common/lib/enums/layout_template_enums.dart)'.  • lib/widgets/row_style_editor_form.dart:137:20 • argument_type_not_assignable
  error • The argument type 'RowType (where RowType is defined in /Users/jingtaiwei/Git/Public/xuan-migration/xuan-four-zhu-templates/lib/enums/layout_template_enums.dart)' can't be assigned to the parameter type 'RowType (where RowType is defined in /Users/jingtaiwei/Git/Public/xuan-migration/xuan-common/lib/enums/layout_template_enums.dart)'.  • lib/widgets/row_style_editor_form.dart:147:26 • argument_type_not_assignable
   info • 'value' is deprecated and shouldn't be used. Use initialValue instead. This will set the initial value for the form field. This feature was deprecated after v3.33.0-1.0.pre • lib/widgets/row_style_editor_form.dart:175:17 • deprecated_member_use
   info • 'value' is deprecated and shouldn't be used. Use initialValue instead. This will set the initial value for the form field. This feature was deprecated after v3.33.0-1.0.pre • lib/widgets/row_style_editor_form.dart:321:11 • deprecated_member_use
  error • The argument type 'TextStyleConfig' can't be assigned to the parameter type 'TextStyleConfig?'.  • lib/widgets/row_style_editor_form.dart:395:24 • argument_type_not_assignable
  error • The argument type 'RowTextAlign? (where RowTextAlign is defined in /Users/jingtaiwei/Git/Public/xuan-migration/xuan-common/lib/enums/layout_template_enums.dart)' can't be assigned to the parameter type 'RowTextAlign? (where RowTextAlign is defined in /Users/jingtaiwei/Git/Public/xuan-migration/xuan-four-zhu-templates/lib/enums/layout_template_enums.dart)'.  • lib/widgets/row_style_editor_form.dart:396:18 • argument_type_not_assignable
  error • The argument type 'BorderType? (where BorderType is defined in /Users/jingtaiwei/Git/Public/xuan-migration/xuan-common/lib/enums/layout_template_enums.dart)' can't be assigned to the parameter type 'BorderType? (where BorderType is defined in /Users/jingtaiwei/Git/Public/xuan-migration/xuan-four-zhu-templates/lib/enums/layout_template_enums.dart)'.  • lib/widgets/row_style_editor_form.dart:397:19 • argument_type_not_assignable
   info • 'red' is deprecated and shouldn't be used. Use (*.r * 255.0).round().clamp(0, 255) • lib/widgets/row_style_editor_form.dart:522:34 • deprecated_member_use
   info • 'green' is deprecated and shouldn't be used. Use (*.g * 255.0).round().clamp(0, 255) • lib/widgets/row_style_editor_form.dart:522:50 • deprecated_member_use
   info • 'blue' is deprecated and shouldn't be used. Use (*.b * 255.0).round().clamp(0, 255) • lib/widgets/row_style_editor_form.dart:522:68 • deprecated_member_use
warning • Unused import: '../models/drag_payloads.dart' • lib/widgets/row_tag_bar.dart:3:8 • unused_import
warning • This class (or a class that this class inherits from) is marked as '@immutable', but one or more of its instance fields aren't final: Season24Tag.name, Season24Tag.fontColor, Season24Tag.borderColor, Season24Tag.backgroundColor, Season24Tag.isBold, Season24Tag.fontStyle • lib/widgets/season_24_tag.dart:4:7 • must_be_immutable
  error • The argument type 'CellStyleConfig (where CellStyleConfig is defined in /Users/jingtaiwei/Git/Public/xuan-migration/xuan-common/lib/features/four_zhu_card/widgets/editable_fourzhu_card/models/cell_style_config.dart)' can't be assigned to the parameter type 'CellStyleConfig (where CellStyleConfig is defined in /Users/jingtaiwei/Git/Public/xuan-migration/xuan-four-zhu-card/lib/features/four_zhu_card/widgets/editable_fourzhu_card/models/cell_style_config.dart)'.  • lib/widgets/style_editor/cell_style_editor_panel.dart:35:50 • argument_type_not_assignable
  error • The argument type 'CellStyleConfig' can't be assigned to the parameter type 'CellStyleConfig?'.  • lib/widgets/style_editor/cell_style_editor_panel.dart:37:70 • argument_type_not_assignable
  error • The argument type 'CellStyleConfig (where CellStyleConfig is defined in /Users/jingtaiwei/Git/Public/xuan-migration/xuan-common/lib/features/four_zhu_card/widgets/editable_fourzhu_card/models/cell_style_config.dart)' can't be assigned to the parameter type 'CellStyleConfig (where CellStyleConfig is defined in /Users/jingtaiwei/Git/Public/xuan-migration/xuan-four-zhu-card/lib/features/four_zhu_card/widgets/editable_fourzhu_card/models/cell_style_config.dart)'.  • lib/widgets/style_editor/cell_style_editor_panel.dart:41:54 • argument_type_not_assignable
  error • The argument type 'CellStyleConfig' can't be assigned to the parameter type 'CellStyleConfig?'.  • lib/widgets/style_editor/cell_style_editor_panel.dart:44:75 • argument_type_not_assignable
  error • The argument type 'CellStyleConfig (where CellStyleConfig is defined in /Users/jingtaiwei/Git/Public/xuan-migration/xuan-common/lib/features/four_zhu_card/widgets/editable_fourzhu_card/models/cell_style_config.dart)' can't be assigned to the parameter type 'CellStyleConfig (where CellStyleConfig is defined in /Users/jingtaiwei/Git/Public/xuan-migration/xuan-four-zhu-card/lib/features/four_zhu_card/widgets/editable_fourzhu_card/models/cell_style_config.dart)'.  • lib/widgets/style_editor/cell_style_editor_panel.dart:49:48 • argument_type_not_assignable
  error • The argument type 'CellStyleConfig' can't be assigned to the parameter type 'CellStyleConfig?'.  • lib/widgets/style_editor/cell_style_editor_panel.dart:51:72 • argument_type_not_assignable
  error • The argument type 'CellStyleConfig (where CellStyleConfig is defined in /Users/jingtaiwei/Git/Public/xuan-migration/xuan-common/lib/features/four_zhu_card/widgets/editable_fourzhu_card/models/cell_style_config.dart)' can't be assigned to the parameter type 'CellStyleConfig (where CellStyleConfig is defined in /Users/jingtaiwei/Git/Public/xuan-migration/xuan-four-zhu-card/lib/features/four_zhu_card/widgets/editable_fourzhu_card/models/cell_style_config.dart)'.  • lib/widgets/style_editor/cell_style_editor_panel.dart:57:55 • argument_type_not_assignable
  error • The argument type 'Map<RowType, CellStyleConfig> (where CellStyleConfig is defined in /Users/jingtaiwei/Git/Public/xuan-migration/xuan-common/lib/features/four_zhu_card/widgets/editable_fourzhu_card/models/cell_style_config.dart)' can't be assigned to the parameter type 'Map<RowType, CellStyleConfig> (where CellStyleConfig is defined in /Users/jingtaiwei/Git/Public/xuan-migration/xuan-four-zhu-card/lib/features/four_zhu_card/widgets/editable_fourzhu_card/models/cell_style_config.dart)'.  • lib/widgets/style_editor/cell_style_editor_panel.dart:59:21 • argument_type_not_assignable
  error • The argument type 'Map<RowType, CellStyleConfig>' can't be assigned to the parameter type 'Map<RowType, CellStyleConfig>?'.  • lib/widgets/style_editor/cell_style_editor_panel.dart:63:66 • argument_type_not_assignable
  error • The argument type 'BoxBorderStyle' can't be assigned to the parameter type 'BoxBorderStyle?'.  • lib/widgets/style_editor/cell_style_editor_panel.dart:94:46 • argument_type_not_assignable
  error • The argument type 'BoxShadowStyle (where BoxShadowStyle is defined in /Users/jingtaiwei/Git/Public/xuan-migration/xuan-four-zhu-card/lib/features/four_zhu_card/widgets/editable_fourzhu_card/models/base_style_config.dart)' can't be assigned to the parameter type 'BoxShadowStyle (where BoxShadowStyle is defined in /Users/jingtaiwei/Git/Public/xuan-migration/xuan-common/lib/features/four_zhu_card/widgets/editable_fourzhu_card/models/base_style_config.dart)'.  • lib/widgets/style_editor/cell_style_editor_panel.dart:97:58 • argument_type_not_assignable
  error • The argument type 'BoxShadowStyle' can't be assigned to the parameter type 'BoxShadowStyle?'.  • lib/widgets/style_editor/cell_style_editor_panel.dart:100:46 • argument_type_not_assignable
  error • The argument type 'ValueNotifier<CellStyleConfig>' can't be assigned to the parameter type 'ValueNotifier<BaseBoxStyleConfig>'.  • lib/widgets/style_editor/cell_style_editor_panel.dart:115:56 • argument_type_not_assignable
  error • The argument type 'ValueNotifier<CellStyleConfig>' can't be assigned to the parameter type 'ValueNotifier<BaseBoxStyleConfig>'.  • lib/widgets/style_editor/cell_style_editor_panel.dart:119:34 • argument_type_not_assignable
  error • The argument type 'ValueNotifier<CellStyleConfig>' can't be assigned to the parameter type 'ValueNotifier<BaseBoxStyleConfig>'.  • lib/widgets/style_editor/cell_style_editor_panel.dart:124:34 • argument_type_not_assignable
   info • 'alpha' is deprecated and shouldn't be used. Use (*.a * 255.0).round().clamp(0, 255) • lib/widgets/style_editor/colorful_text_style_editor_widget.dart:82:24 • deprecated_member_use
   info • 'red' is deprecated and shouldn't be used. Use (*.r * 255.0).round().clamp(0, 255) • lib/widgets/style_editor/colorful_text_style_editor_widget.dart:82:41 • deprecated_member_use
   info • 'green' is deprecated and shouldn't be used. Use (*.g * 255.0).round().clamp(0, 255) • lib/widgets/style_editor/colorful_text_style_editor_widget.dart:82:56 • deprecated_member_use
   info • 'blue' is deprecated and shouldn't be used. Use (*.b * 255.0).round().clamp(0, 255) • lib/widgets/style_editor/colorful_text_style_editor_widget.dart:82:73 • deprecated_member_use
   info • 'alpha' is deprecated and shouldn't be used. Use (*.a * 255.0).round().clamp(0, 255) • lib/widgets/style_editor/colorful_text_style_editor_widget.dart:86:18 • deprecated_member_use
   info • 'red' is deprecated and shouldn't be used. Use (*.r * 255.0).round().clamp(0, 255) • lib/widgets/style_editor/colorful_text_style_editor_widget.dart:87:22 • deprecated_member_use
   info • 'green' is deprecated and shouldn't be used. Use (*.g * 255.0).round().clamp(0, 255) • lib/widgets/style_editor/colorful_text_style_editor_widget.dart:87:32 • deprecated_member_use
   info • 'blue' is deprecated and shouldn't be used. Use (*.b * 255.0).round().clamp(0, 255) • lib/widgets/style_editor/colorful_text_style_editor_widget.dart:87:44 • deprecated_member_use
   info • Unnecessary braces in a string interpolation • lib/widgets/style_editor/colorful_text_style_editor_widget.dart:87:51 • unnecessary_brace_in_string_interps
   info • 'value' is deprecated and shouldn't be used. Use component accessors like .r or .g, or toARGB32 for an explicit conversion • lib/widgets/style_editor/colorful_text_style_editor_widget.dart:126:34 • deprecated_member_use
   info • 'alpha' is deprecated and shouldn't be used. Use (*.a * 255.0).round().clamp(0, 255) • lib/widgets/style_editor/colorful_text_style_editor_widget.dart:129:37 • deprecated_member_use
   info • 'alpha' is deprecated and shouldn't be used. Use (*.a * 255.0).round().clamp(0, 255) • lib/widgets/style_editor/colorful_text_style_editor_widget.dart:132:37 • deprecated_member_use
warning • The declaration '_parseHexColor' isn't referenced • lib/widgets/style_editor/colorful_text_style_editor_widget.dart:353:10 • unused_element
   info • 'value' is deprecated and shouldn't be used. Use initialValue instead. This will set the initial value for the form field. This feature was deprecated after v3.33.0-1.0.pre • lib/widgets/style_editor/colorful_text_style_editor_widget.dart:388:21 • deprecated_member_use
   info • 'alpha' is deprecated and shouldn't be used. Use (*.a * 255.0).round().clamp(0, 255) • lib/widgets/style_editor/colorful_text_style_editor_widget.dart:674:24 • deprecated_member_use
   info • 'red' is deprecated and shouldn't be used. Use (*.r * 255.0).round().clamp(0, 255) • lib/widgets/style_editor/colorful_text_style_editor_widget.dart:674:41 • deprecated_member_use
   info • 'green' is deprecated and shouldn't be used. Use (*.g * 255.0).round().clamp(0, 255) • lib/widgets/style_editor/colorful_text_style_editor_widget.dart:674:56 • deprecated_member_use
   info • 'blue' is deprecated and shouldn't be used. Use (*.b * 255.0).round().clamp(0, 255) • lib/widgets/style_editor/colorful_text_style_editor_widget.dart:674:73 • deprecated_member_use
   info • 'alpha' is deprecated and shouldn't be used. Use (*.a * 255.0).round().clamp(0, 255) • lib/widgets/style_editor/colorful_text_style_editor_widget.dart:678:18 • deprecated_member_use
   info • 'red' is deprecated and shouldn't be used. Use (*.r * 255.0).round().clamp(0, 255) • lib/widgets/style_editor/colorful_text_style_editor_widget.dart:679:22 • deprecated_member_use
   info • 'green' is deprecated and shouldn't be used. Use (*.g * 255.0).round().clamp(0, 255) • lib/widgets/style_editor/colorful_text_style_editor_widget.dart:679:32 • deprecated_member_use
   info • 'blue' is deprecated and shouldn't be used. Use (*.b * 255.0).round().clamp(0, 255) • lib/widgets/style_editor/colorful_text_style_editor_widget.dart:679:44 • deprecated_member_use
   info • Unnecessary braces in a string interpolation • lib/widgets/style_editor/colorful_text_style_editor_widget.dart:679:51 • unnecessary_brace_in_string_interps
   info • The argument type 'String' isn't related to 'DiZhi' • lib/widgets/style_editor/colorful_text_style_editor_widget.dart:795:51 • collection_methods_unrelated_type
   info • 'value' is deprecated and shouldn't be used. Use component accessors like .r or .g, or toARGB32 for an explicit conversion • lib/widgets/style_editor/colorful_text_style_editor_widget.dart:828:54 • deprecated_member_use
   info • 'alpha' is deprecated and shouldn't be used. Use (*.a * 255.0).round().clamp(0, 255) • lib/widgets/style_editor/colorful_text_style_editor_widget.dart:831:58 • deprecated_member_use
   info • 'value' is deprecated and shouldn't be used. Use component accessors like .r or .g, or toARGB32 for an explicit conversion • lib/widgets/style_editor/colorful_text_style_editor_widget.dart:1035:54 • deprecated_member_use
   info • 'alpha' is deprecated and shouldn't be used. Use (*.a * 255.0).round().clamp(0, 255) • lib/widgets/style_editor/colorful_text_style_editor_widget.dart:1038:58 • deprecated_member_use
warning • The declaration '_edgeAll' isn't referenced • lib/widgets/style_editor/editable_four_zhu_style_editor_panel.dart:190:14 • unused_element
warning • The declaration '_edgeHV' isn't referenced • lib/widgets/style_editor/editable_four_zhu_style_editor_panel.dart:205:14 • unused_element
warning • The declaration '_parseHexColor' isn't referenced • lib/widgets/style_editor/editable_four_zhu_style_editor_panel.dart:215:10 • unused_element
   info • 'value' is deprecated and shouldn't be used. Use initialValue instead. This will set the initial value for the form field. This feature was deprecated after v3.33.0-1.0.pre • lib/widgets/style_editor/editable_four_zhu_style_editor_panel.dart:266:17 • deprecated_member_use
warning • The left operand can't be null, so the right operand is never executed • lib/widgets/style_editor/editable_four_zhu_style_editor_panel.dart:371:41 • dead_null_aware_expression
warning • The left operand can't be null, so the right operand is never executed • lib/widgets/style_editor/editable_four_zhu_style_editor_panel.dart:499:46 • dead_null_aware_expression
warning • The receiver can't be null, so the null-aware operator '?.' is unnecessary • lib/widgets/style_editor/editable_four_zhu_style_editor_panel.dart:508:33 • invalid_null_aware_operator
warning • The receiver can't be null, so the null-aware operator '?.' is unnecessary • lib/widgets/style_editor/editable_four_zhu_style_editor_panel.dart:514:37 • invalid_null_aware_operator
warning • The receiver can't be null, so the null-aware operator '?.' is unnecessary • lib/widgets/style_editor/editable_four_zhu_style_editor_panel.dart:518:60 • invalid_null_aware_operator
warning • The receiver can't be null, so the null-aware operator '?.' is unnecessary • lib/widgets/style_editor/editable_four_zhu_style_editor_panel.dart:520:42 • invalid_null_aware_operator
warning • The receiver can't be null, so the null-aware operator '?.' is unnecessary • lib/widgets/style_editor/editable_four_zhu_style_editor_panel.dart:529:37 • invalid_null_aware_operator
warning • The receiver can't be null, so the null-aware operator '?.' is unnecessary • lib/widgets/style_editor/editable_four_zhu_style_editor_panel.dart:533:57 • invalid_null_aware_operator
warning • The receiver can't be null, so the null-aware operator '?.' is unnecessary • lib/widgets/style_editor/editable_four_zhu_style_editor_panel.dart:535:42 • invalid_null_aware_operator
warning • The receiver can't be null, so the null-aware operator '?.' is unnecessary • lib/widgets/style_editor/editable_four_zhu_style_editor_panel.dart:544:37 • invalid_null_aware_operator
warning • The receiver can't be null, so the null-aware operator '?.' is unnecessary • lib/widgets/style_editor/editable_four_zhu_style_editor_panel.dart:549:42 • invalid_null_aware_operator
warning • The receiver can't be null, so the null-aware operator '?.' is unnecessary • lib/widgets/style_editor/editable_four_zhu_style_editor_panel.dart:558:37 • invalid_null_aware_operator
warning • The receiver can't be null, so the null-aware operator '?.' is unnecessary • lib/widgets/style_editor/editable_four_zhu_style_editor_panel.dart:563:42 • invalid_null_aware_operator
warning • The receiver can't be null, so the null-aware operator '?.' is unnecessary • lib/widgets/style_editor/editable_four_zhu_style_editor_panel.dart:578:40 • invalid_null_aware_operator
warning • The receiver can't be null, so the null-aware operator '?.' is unnecessary • lib/widgets/style_editor/editable_four_zhu_style_editor_panel.dart:579:40 • invalid_null_aware_operator
warning • The receiver can't be null, so the null-aware operator '?.' is unnecessary • lib/widgets/style_editor/editable_four_zhu_style_editor_panel.dart:582:46 • invalid_null_aware_operator
warning • The receiver can't be null, so the null-aware operator '?.' is unnecessary • lib/widgets/style_editor/editable_four_zhu_style_editor_panel.dart:596:37 • invalid_null_aware_operator
warning • The left operand can't be null, so the right operand is never executed • lib/widgets/style_editor/editable_four_zhu_style_editor_panel.dart:600:47 • dead_null_aware_expression
   info • 'value' is deprecated and shouldn't be used. Use component accessors like .r or .g, or toARGB32 for an explicit conversion • lib/widgets/style_editor/editable_four_zhu_style_editor_panel.dart:640:40 • deprecated_member_use
warning • The declaration '_buildColorPickerRow' isn't referenced • lib/widgets/style_editor/editable_four_zhu_style_editor_panel.dart:689:10 • unused_element
   info • 'value' is deprecated and shouldn't be used. Use component accessors like .r or .g, or toARGB32 for an explicit conversion • lib/widgets/style_editor/editable_four_zhu_style_editor_panel.dart:712:42 • deprecated_member_use
warning • The declaration '_PerPillarMarginVHEditor' isn't referenced • lib/widgets/style_editor/editable_four_zhu_style_editor_panel.dart:787:7 • unused_element
  error • The argument type 'BoxShadowStyle (where BoxShadowStyle is defined in /Users/jingtaiwei/Git/Public/xuan-migration/xuan-four-zhu-card/lib/features/four_zhu_card/widgets/editable_fourzhu_card/models/base_style_config.dart)' can't be assigned to the parameter type 'BoxShadowStyle (where BoxShadowStyle is defined in /Users/jingtaiwei/Git/Public/xuan-migration/xuan-common/lib/features/four_zhu_card/widgets/editable_fourzhu_card/models/base_style_config.dart)'.  • lib/widgets/style_editor/four_zhu_pillar_style_editor.dart:78:23 • argument_type_not_assignable
  error • The argument type 'BoxShadowStyle' can't be assigned to the parameter type 'BoxShadowStyle?'.  • lib/widgets/style_editor/four_zhu_pillar_style_editor.dart:81:35 • argument_type_not_assignable
  error • The argument type 'BoxBorderStyle' can't be assigned to the parameter type 'BoxBorderStyle?'.  • lib/widgets/style_editor/four_zhu_pillar_style_editor.dart:86:31 • argument_type_not_assignable
  error • The argument type 'ValueNotifier<PillarStyleConfig>' can't be assigned to the parameter type 'ValueNotifier<BaseBoxStyleConfig>'.  • lib/widgets/style_editor/four_zhu_pillar_style_editor.dart:210:37 • argument_type_not_assignable
  error • The argument type 'ValueNotifier<PillarStyleConfig>' can't be assigned to the parameter type 'ValueNotifier<BaseBoxStyleConfig>'.  • lib/widgets/style_editor/four_zhu_pillar_style_editor.dart:215:34 • argument_type_not_assignable
  error • The argument type 'ValueNotifier<PillarStyleConfig>' can't be assigned to the parameter type 'ValueNotifier<BaseBoxStyleConfig>'.  • lib/widgets/style_editor/four_zhu_pillar_style_editor.dart:220:34 • argument_type_not_assignable
   info • The import of 'package:common/enums/enum_twelve_zhang_sheng.dart' is unnecessary because all of the used elements are also provided by the import of 'package:common/enums.dart' • lib/widgets/style_editor/row_style_editor_panel.dart:2:8 • unnecessary_import
   info • The import of '../../enums/enum_tian_gan.dart' is unnecessary because all of the used elements are also provided by the import of 'package:common/enums.dart' • lib/widgets/style_editor/row_style_editor_panel.dart:12:8 • unnecessary_import
   info • The import of '../../enums/enum_di_zhi.dart' is unnecessary because all of the used elements are also provided by the import of 'package:common/enums.dart' • lib/widgets/style_editor/row_style_editor_panel.dart:13:8 • unnecessary_import
   info • The import of '../../enums/enum_jia_zi.dart' is unnecessary because all of the used elements are also provided by the import of 'package:common/enums.dart' • lib/widgets/style_editor/row_style_editor_panel.dart:14:8 • unnecessary_import
   info • Missing type annotation • lib/widgets/style_editor/row_style_editor_panel.dart:113:3 • strict_top_level_inference
   info • Missing type annotation • lib/widgets/style_editor/row_style_editor_panel.dart:131:3 • strict_top_level_inference
   info • Missing type annotation • lib/widgets/style_editor/row_style_editor_panel.dart:155:3 • strict_top_level_inference
   info • Constructors for public widgets should have a named 'key' parameter • lib/widgets/style_editor/row_style_editor_panel.dart:194:9 • use_key_in_widget_constructors
warning • Unused import: 'package:common/models/pillar_content.dart' • lib/widgets/style_editor/sidebar_explorer.dart:1:8 • unused_import
warning • Unused import: '../../themes/editable_four_zhu_card_theme.dart' • lib/widgets/style_editor/sidebar_explorer.dart:4:8 • unused_import
   info • 'withOpacity' is deprecated and shouldn't be used. Use .withValues() to avoid precision loss • lib/widgets/style_editor/sidebar_explorer.dart:177:54 • deprecated_member_use
   info • The import of 'dart:typed_data' is unnecessary because all of the used elements are also provided by the import of 'package:flutter/services.dart' • lib/widgets/style_editor/widgets/app_palette_picker_dialog.dart:2:8 • unnecessary_import
   info • 'alpha' is deprecated and shouldn't be used. Use (*.a * 255.0).round().clamp(0, 255) • lib/widgets/style_editor/widgets/app_palette_picker_dialog.dart:58:17 • deprecated_member_use
   info • 'red' is deprecated and shouldn't be used. Use (*.r * 255.0).round().clamp(0, 255) • lib/widgets/style_editor/widgets/app_palette_picker_dialog.dart:59:17 • deprecated_member_use
   info • 'green' is deprecated and shouldn't be used. Use (*.g * 255.0).round().clamp(0, 255) • lib/widgets/style_editor/widgets/app_palette_picker_dialog.dart:60:17 • deprecated_member_use
   info • 'blue' is deprecated and shouldn't be used. Use (*.b * 255.0).round().clamp(0, 255) • lib/widgets/style_editor/widgets/app_palette_picker_dialog.dart:61:17 • deprecated_member_use
   info • 'red' is deprecated and shouldn't be used. Use (*.r * 255.0).round().clamp(0, 255) • lib/widgets/style_editor/widgets/app_palette_picker_dialog.dart:72:21 • deprecated_member_use
   info • 'green' is deprecated and shouldn't be used. Use (*.g * 255.0).round().clamp(0, 255) • lib/widgets/style_editor/widgets/app_palette_picker_dialog.dart:72:31 • deprecated_member_use
   info • 'blue' is deprecated and shouldn't be used. Use (*.b * 255.0).round().clamp(0, 255) • lib/widgets/style_editor/widgets/app_palette_picker_dialog.dart:72:43 • deprecated_member_use
   info • Angle brackets will be interpreted as HTML • lib/widgets/style_editor/widgets/app_palette_picker_dialog.dart:210:14 • unintended_html_in_doc_comment
   info • Don't use 'BuildContext's across async gaps • lib/widgets/style_editor/widgets/app_palette_picker_dialog.dart:288:38 • use_build_context_synchronously
   info • Don't use 'BuildContext's across async gaps • lib/widgets/style_editor/widgets/app_palette_picker_dialog.dart:298:38 • use_build_context_synchronously
   info • Don't use 'BuildContext's across async gaps • lib/widgets/style_editor/widgets/app_palette_picker_dialog.dart:315:5 • use_build_context_synchronously
   info • 'alpha' is deprecated and shouldn't be used. Use (*.a * 255.0).round().clamp(0, 255) • lib/widgets/style_editor/widgets/app_palette_picker_dialog.dart:334:38 • deprecated_member_use
   info • 'value' is deprecated and shouldn't be used. Use component accessors like .r or .g, or toARGB32 for an explicit conversion • lib/widgets/style_editor/widgets/app_palette_picker_dialog.dart:574:36 • deprecated_member_use
   info • 'value' is deprecated and shouldn't be used. Use component accessors like .r or .g, or toARGB32 for an explicit conversion • lib/widgets/style_editor/widgets/app_palette_picker_dialog.dart:574:59 • deprecated_member_use
   info • 'withOpacity' is deprecated and shouldn't be used. Use .withValues() to avoid precision loss • lib/widgets/style_editor/widgets/app_palette_picker_dialog.dart:581:32 • deprecated_member_use
   info • 'withOpacity' is deprecated and shouldn't be used. Use .withValues() to avoid precision loss • lib/widgets/style_editor/widgets/app_palette_picker_dialog.dart:582:32 • deprecated_member_use
   info • 'withOpacity' is deprecated and shouldn't be used. Use .withValues() to avoid precision loss • lib/widgets/style_editor/widgets/app_palette_picker_dialog.dart:622:55 • deprecated_member_use
   info • 'withOpacity' is deprecated and shouldn't be used. Use .withValues() to avoid precision loss • lib/widgets/style_editor/widgets/app_palette_picker_dialog.dart:648:53 • deprecated_member_use
warning • Unused import: 'package:flex_color_picker/flex_color_picker.dart' • lib/widgets/style_editor/widgets/box_border_style_editor.dart:2:8 • unused_import
   info • The local variable '_pillarBorderWidth' starts with an underscore • lib/widgets/style_editor/widgets/box_border_style_editor.dart:27:11 • no_leading_underscores_for_local_identifiers
warning • The left operand can't be null, so the right operand is never executed • lib/widgets/style_editor/widgets/box_border_style_editor.dart:27:49 • dead_null_aware_expression
   info • The local variable '_pillarCornerRadius' starts with an underscore • lib/widgets/style_editor/widgets/box_border_style_editor.dart:28:11 • no_leading_underscores_for_local_identifiers
warning • The left operand can't be null, so the right operand is never executed • lib/widgets/style_editor/widgets/box_border_style_editor.dart:28:51 • dead_null_aware_expression
   info • The local variable '_pillarBorderColorLight' starts with an underscore • lib/widgets/style_editor/widgets/box_border_style_editor.dart:29:11 • no_leading_underscores_for_local_identifiers
   info • The local variable '_pillarBorderColorDark' starts with an underscore • lib/widgets/style_editor/widgets/box_border_style_editor.dart:30:11 • no_leading_underscores_for_local_identifiers
warning • The left operand can't be null, so the right operand is never executed • lib/widgets/style_editor/widgets/box_border_style_editor.dart:43:35 • dead_null_aware_expression
   info • Don't use 'BuildContext's across async gaps • lib/widgets/style_editor/widgets/box_border_style_editor.dart:124:25 • use_build_context_synchronously
   info • Don't use 'BuildContext's across async gaps • lib/widgets/style_editor/widgets/box_border_style_editor.dart:138:25 • use_build_context_synchronously
   info • The import of 'package:flutter/widgets.dart' is unnecessary because all of the used elements are also provided by the import of 'package:flutter/material.dart' • lib/widgets/style_editor/widgets/box_shadow_style_editor.dart:2:8 • unnecessary_import
   info • The local variable '_pillarShadowEnabled' starts with an underscore • lib/widgets/style_editor/widgets/box_shadow_style_editor.dart:32:11 • no_leading_underscores_for_local_identifiers
warning • The left operand can't be null, so the right operand is never executed • lib/widgets/style_editor/widgets/box_shadow_style_editor.dart:32:55 • dead_null_aware_expression
   info • The local variable '_pillarShadowFollowBackground' starts with an underscore • lib/widgets/style_editor/widgets/box_shadow_style_editor.dart:33:11 • no_leading_underscores_for_local_identifiers
warning • The left operand can't be null, so the right operand is never executed • lib/widgets/style_editor/widgets/box_shadow_style_editor.dart:34:45 • dead_null_aware_expression
   info • The local variable '_pillarShadowLightColor' starts with an underscore • lib/widgets/style_editor/widgets/box_shadow_style_editor.dart:35:11 • no_leading_underscores_for_local_identifiers
warning • The left operand can't be null, so the right operand is never executed • lib/widgets/style_editor/widgets/box_shadow_style_editor.dart:35:63 • dead_null_aware_expression
   info • The local variable '_pillarShadowDarkColor' starts with an underscore • lib/widgets/style_editor/widgets/box_shadow_style_editor.dart:36:11 • no_leading_underscores_for_local_identifiers
warning • The left operand can't be null, so the right operand is never executed • lib/widgets/style_editor/widgets/box_shadow_style_editor.dart:36:61 • dead_null_aware_expression
   info • The local variable '_pillarShadowOffsetX' starts with an underscore • lib/widgets/style_editor/widgets/box_shadow_style_editor.dart:37:11 • no_leading_underscores_for_local_identifiers
warning • The left operand can't be null, so the right operand is never executed • lib/widgets/style_editor/widgets/box_shadow_style_editor.dart:37:55 • dead_null_aware_expression
   info • The local variable '_pillarShadowOffsetY' starts with an underscore • lib/widgets/style_editor/widgets/box_shadow_style_editor.dart:38:11 • no_leading_underscores_for_local_identifiers
warning • The left operand can't be null, so the right operand is never executed • lib/widgets/style_editor/widgets/box_shadow_style_editor.dart:38:55 • dead_null_aware_expression
   info • The local variable '_pillarShadowBlur' starts with an underscore • lib/widgets/style_editor/widgets/box_shadow_style_editor.dart:39:11 • no_leading_underscores_for_local_identifiers
warning • The left operand can't be null, so the right operand is never executed • lib/widgets/style_editor/widgets/box_shadow_style_editor.dart:39:53 • dead_null_aware_expression
   info • The local variable '_pillarShadowSpread' starts with an underscore • lib/widgets/style_editor/widgets/box_shadow_style_editor.dart:40:11 • no_leading_underscores_for_local_identifiers
warning • The left operand can't be null, so the right operand is never executed • lib/widgets/style_editor/widgets/box_shadow_style_editor.dart:40:57 • dead_null_aware_expression
warning • The left operand can't be null, so the right operand is never executed • lib/widgets/style_editor/widgets/box_shadow_style_editor.dart:56:42 • dead_null_aware_expression
warning • The declaration '_Section' isn't referenced • lib/widgets/style_editor/widgets/box_shadow_style_editor.dart:180:7 • unused_element
warning • Unused import: 'package:flex_color_picker/flex_color_picker.dart' • lib/widgets/style_editor/widgets/box_style_config_editor.dart:2:8 • unused_import
  error • The argument type 'PillarStyleConfig (where PillarStyleConfig is defined in /Users/jingtaiwei/Git/Public/xuan-migration/xuan-common/lib/features/four_zhu_card/widgets/editable_fourzhu_card/models/pillar_style_config.dart)' can't be assigned to the parameter type 'PillarStyleConfig (where PillarStyleConfig is defined in /Users/jingtaiwei/Git/Public/xuan-migration/xuan-four-zhu-card/lib/features/four_zhu_card/widgets/editable_fourzhu_card/models/pillar_style_config.dart)'.  • lib/widgets/style_editor/widgets/sidebar_pillar_editor_section.dart:93:48 • argument_type_not_assignable
  error • The argument type 'PillarStyleConfig' can't be assigned to the parameter type 'PillarStyleConfig?'.  • lib/widgets/style_editor/widgets/sidebar_pillar_editor_section.dart:96:59 • argument_type_not_assignable
  error • The argument type 'PillarStyleConfig (where PillarStyleConfig is defined in /Users/jingtaiwei/Git/Public/xuan-migration/xuan-common/lib/features/four_zhu_card/widgets/editable_fourzhu_card/models/pillar_style_config.dart)' can't be assigned to the parameter type 'PillarStyleConfig (where PillarStyleConfig is defined in /Users/jingtaiwei/Git/Public/xuan-migration/xuan-four-zhu-card/lib/features/four_zhu_card/widgets/editable_fourzhu_card/models/pillar_style_config.dart)'.  • lib/widgets/style_editor/widgets/sidebar_pillar_editor_section.dart:146:54 • argument_type_not_assignable
  error • The argument type 'PillarStyleConfig' can't be assigned to the parameter type 'PillarStyleConfig?'.  • lib/widgets/style_editor/widgets/sidebar_pillar_editor_section.dart:161:65 • argument_type_not_assignable
  error • The argument type 'Map<PillarType, PillarStyleConfig>' can't be assigned to the parameter type 'Map<PillarType, PillarStyleConfig>?'.  • lib/widgets/style_editor/widgets/sidebar_pillar_editor_section.dart:162:49 • argument_type_not_assignable
  error • The argument type 'Map<PillarType, PillarStyleConfig> (where PillarStyleConfig is defined in /Users/jingtaiwei/Git/Public/xuan-migration/xuan-common/lib/features/four_zhu_card/widgets/editable_fourzhu_card/models/pillar_style_config.dart)' can't be assigned to the parameter type 'Map<PillarType, PillarStyleConfig> (where PillarStyleConfig is defined in /Users/jingtaiwei/Git/Public/xuan-migration/xuan-four-zhu-card/lib/features/four_zhu_card/widgets/editable_fourzhu_card/models/pillar_style_config.dart)'.  • lib/widgets/style_editor/widgets/sidebar_pillar_editor_section.dart:168:47 • argument_type_not_assignable
  error • The argument type 'Map<PillarType, PillarStyleConfig>' can't be assigned to the parameter type 'Map<PillarType, PillarStyleConfig>?'.  • lib/widgets/style_editor/widgets/sidebar_pillar_editor_section.dart:171:67 • argument_type_not_assignable
warning • This class (or a class that this class inherits from) is marked as '@immutable', but one or more of its instance fields aren't final: TwentyFourJieQiTag.jieQi, TwentyFourJieQiTag.fontColor, TwentyFourJieQiTag.borderColor, TwentyFourJieQiTag.backgroundColor, TwentyFourJieQiTag.isBold, TwentyFourJieQiTag.isHor, TwentyFourJieQiTag.fontStyle • lib/widgets/twenty_four_jie_qi_tag.dart:6:7 • must_be_immutable
   info • Parameter 'key' could be a super parameter • lib/widgets/vertical_pillar_card.dart:27:9 • use_super_parameters
warning • This class (or a class that this class inherits from) is marked as '@immutable', but one or more of its instance fields aren't final: YaoWidget.color, YaoWidget.withShadow • lib/widgets/yao_widget.dart:5:7 • must_be_immutable
warning • This class (or a class that this class inherits from) is marked as '@immutable', but one or more of its instance fields aren't final: YunLiuCellWidget.ganZhiFontSize, YunLiuCellWidget.hiddenFontSize • lib/widgets/yun_liu_widget/yun_liu_cell_widget.dart:11:7 • must_be_immutable
   info • Unnecessary instance of 'Container' • lib/widgets/yun_liu_widget/yun_liu_cell_widget.dart:316:12 • avoid_unnecessary_containers
warning • This class (or a class that this class inherits from) is marked as '@immutable', but one or more of its instance fields aren't final: YunLiuCellWidget2.ganZhiFontSize, YunLiuCellWidget2.hiddenFontSize • lib/widgets/yun_liu_widget/yun_liu_cell_widget.dart:459:7 • must_be_immutable
warning • The value of the local variable 'sharedHiddenCount' isn't used • lib/widgets/yun_liu_widget/yun_liu_cell_widget.dart:500:11 • unused_local_variable
warning • The value of the local variable 'hiddenFontScale' isn't used • lib/widgets/yun_liu_widget/yun_liu_cell_widget.dart:501:11 • unused_local_variable
warning • The value of the local variable 'dxCompensationFactor' isn't used • lib/widgets/yun_liu_widget/yun_liu_cell_widget.dart:503:11 • unused_local_variable
warning • The declaration '_buildTianGanHiddenTenGod' isn't referenced • lib/widgets/yun_liu_widget/yun_liu_cell_widget.dart:586:10 • unused_element
warning • The declaration '_buildDiZhiHiddenRow' isn't referenced • lib/widgets/yun_liu_widget/yun_liu_cell_widget.dart:633:10 • unused_element
warning • The declaration '_buildAnimatedMainAndHiddenLine' isn't referenced • lib/widgets/yun_liu_widget/yun_liu_cell_widget.dart:649:10 • unused_element
   info • Unnecessary instance of 'Container' • lib/widgets/yun_liu_widget/yun_liu_cell_widget.dart:808:12 • avoid_unnecessary_containers
warning • Publishable packages can't have 'path' dependencies • pubspec.yaml:66:5 • invalid_dependency
warning • Publishable packages can't have 'path' dependencies • pubspec.yaml:68:5 • invalid_dependency
warning • Publishable packages can't have 'path' dependencies • pubspec.yaml:70:5 • invalid_dependency
warning • Publishable packages can't have 'git' dependencies • pubspec.yaml:77:5 • invalid_dependency
warning • Unused import: 'package:flutter/foundation.dart' • test/card_drag_controller_test.dart:3:8 • unused_import
   info • The import of 'package:flutter/widgets.dart' is unnecessary because all of the used elements are also provided by the import of 'package:flutter_test/flutter_test.dart' • test/card_drag_controller_test.dart:4:8 • unnecessary_import
warning • Unused import: 'package:flutter/widgets.dart' • test/card_layout_model_test.dart:5:8 • unused_import
  error • The argument type 'RowType (where RowType is defined in /Users/jingtaiwei/Git/Public/xuan-migration/xuan-common/lib/enums/layout_template_enums.dart)' can't be assigned to the parameter type 'RowType (where RowType is defined in /Users/jingtaiwei/Git/Public/xuan-migration/xuan-four-zhu-card/lib/features/four_zhu_card/widgets/editable_fourzhu_card/models/four_zhu_layout_template_enums.dart)'.  • test/card_layout_model_test.dart:15:34 • argument_type_not_assignable
  error • The argument type 'RowType (where RowType is defined in /Users/jingtaiwei/Git/Public/xuan-migration/xuan-common/lib/enums/layout_template_enums.dart)' can't be assigned to the parameter type 'RowType (where RowType is defined in /Users/jingtaiwei/Git/Public/xuan-migration/xuan-four-zhu-card/lib/features/four_zhu_card/widgets/editable_fourzhu_card/models/four_zhu_layout_template_enums.dart)'.  • test/card_layout_model_test.dart:28:9 • argument_type_not_assignable
  error • The argument type 'TextRowPayload' can't be assigned to the parameter type 'TextRowPayload?'.  • test/card_layout_model_test.dart:29:18 • argument_type_not_assignable
  error • The argument type 'RowType (where RowType is defined in /Users/jingtaiwei/Git/Public/xuan-migration/xuan-common/lib/enums/layout_template_enums.dart)' can't be assigned to the parameter type 'RowType (where RowType is defined in /Users/jingtaiwei/Git/Public/xuan-migration/xuan-four-zhu-card/lib/features/four_zhu_card/widgets/editable_fourzhu_card/models/four_zhu_layout_template_enums.dart)'.  • test/card_layout_model_test.dart:43:40 • argument_type_not_assignable
  error • The argument type 'TextRowPayload' can't be assigned to the parameter type 'TextRowPayload?'.  • test/card_layout_model_test.dart:44:20 • argument_type_not_assignable
  error • The argument type 'RowType (where RowType is defined in /Users/jingtaiwei/Git/Public/xuan-migration/xuan-common/lib/enums/layout_template_enums.dart)' can't be assigned to the parameter type 'RowType (where RowType is defined in /Users/jingtaiwei/Git/Public/xuan-migration/xuan-four-zhu-card/lib/features/four_zhu_card/widgets/editable_fourzhu_card/models/four_zhu_layout_template_enums.dart)'.  • test/card_layout_model_test.dart:51:34 • argument_type_not_assignable
  error • The argument type 'RowType (where RowType is defined in /Users/jingtaiwei/Git/Public/xuan-migration/xuan-common/lib/enums/layout_template_enums.dart)' can't be assigned to the parameter type 'RowType (where RowType is defined in /Users/jingtaiwei/Git/Public/xuan-migration/xuan-four-zhu-card/lib/features/four_zhu_card/widgets/editable_fourzhu_card/models/four_zhu_layout_template_enums.dart)'.  • test/card_layout_model_test.dart:53:37 • argument_type_not_assignable
  error • The argument type 'RowType (where RowType is defined in /Users/jingtaiwei/Git/Public/xuan-migration/xuan-common/lib/enums/layout_template_enums.dart)' can't be assigned to the parameter type 'RowType (where RowType is defined in /Users/jingtaiwei/Git/Public/xuan-migration/xuan-four-zhu-card/lib/features/four_zhu_card/widgets/editable_fourzhu_card/models/four_zhu_layout_template_enums.dart)'.  • test/card_layout_model_test.dart:61:37 • argument_type_not_assignable
  error • The argument type 'RowType (where RowType is defined in /Users/jingtaiwei/Git/Public/xuan-migration/xuan-common/lib/enums/layout_template_enums.dart)' can't be assigned to the parameter type 'RowType (where RowType is defined in /Users/jingtaiwei/Git/Public/xuan-migration/xuan-four-zhu-card/lib/features/four_zhu_card/widgets/editable_fourzhu_card/models/four_zhu_layout_template_enums.dart)'.  • test/card_layout_model_test.dart:69:37 • argument_type_not_assignable
   info • The type of the right operand ('RowType') isn't a subtype or a supertype of the left operand ('RowType') • test/commands/command_history_test.dart:290:23 • unrelated_type_equality_checks
   info • The type of the right operand ('RowType') isn't a subtype or a supertype of the left operand ('RowType') • test/commands/command_history_test.dart:307:23 • unrelated_type_equality_checks
  error • A value of type 'BorderType' can't be assigned to a parameter of type 'BorderType' in a const constructor • test/commands/command_history_test.dart:391:7 • const_constructor_param_type_mismatch
  error • The argument type 'BorderType (where BorderType is defined in /Users/jingtaiwei/Git/Public/xuan-migration/xuan-common/lib/enums/layout_template_enums.dart)' can't be assigned to the parameter type 'BorderType (where BorderType is defined in /Users/jingtaiwei/Git/Public/xuan-migration/xuan-four-zhu-templates/lib/enums/layout_template_enums.dart)'.  • test/commands/command_history_test.dart:391:20 • argument_type_not_assignable
  error • The argument type 'RowType (where RowType is defined in /Users/jingtaiwei/Git/Public/xuan-migration/xuan-common/lib/enums/layout_template_enums.dart)' can't be assigned to the parameter type 'RowType (where RowType is defined in /Users/jingtaiwei/Git/Public/xuan-migration/xuan-four-zhu-templates/lib/enums/layout_template_enums.dart)'.  • test/commands/command_history_test.dart:409:15 • argument_type_not_assignable
  error • The argument type 'TextStyleConfig (where TextStyleConfig is defined in /Users/jingtaiwei/Git/Public/xuan-migration/xuan-common/lib/models/text_style_config.dart)' can't be assigned to the parameter type 'TextStyleConfig (where TextStyleConfig is defined in /Users/jingtaiwei/Git/Public/xuan-migration/xuan-four-zhu-templates/lib/models/text_style_config.dart)'.  • test/commands/command_history_test.dart:412:26 • argument_type_not_assignable
  error • The argument type 'RowType (where RowType is defined in /Users/jingtaiwei/Git/Public/xuan-migration/xuan-common/lib/enums/layout_template_enums.dart)' can't be assigned to the parameter type 'RowType (where RowType is defined in /Users/jingtaiwei/Git/Public/xuan-migration/xuan-four-zhu-templates/lib/enums/layout_template_enums.dart)'.  • test/commands/command_history_test.dart:415:15 • argument_type_not_assignable
  error • The argument type 'TextStyleConfig (where TextStyleConfig is defined in /Users/jingtaiwei/Git/Public/xuan-migration/xuan-common/lib/models/text_style_config.dart)' can't be assigned to the parameter type 'TextStyleConfig (where TextStyleConfig is defined in /Users/jingtaiwei/Git/Public/xuan-migration/xuan-four-zhu-templates/lib/models/text_style_config.dart)'.  • test/commands/command_history_test.dart:418:26 • argument_type_not_assignable
  error • A value of type 'BorderType' can't be assigned to a parameter of type 'BorderType' in a const constructor • test/commands/command_history_test.dart:432:7 • const_constructor_param_type_mismatch
  error • The argument type 'BorderType (where BorderType is defined in /Users/jingtaiwei/Git/Public/xuan-migration/xuan-common/lib/enums/layout_template_enums.dart)' can't be assigned to the parameter type 'BorderType (where BorderType is defined in /Users/jingtaiwei/Git/Public/xuan-migration/xuan-four-zhu-templates/lib/enums/layout_template_enums.dart)'.  • test/commands/command_history_test.dart:432:20 • argument_type_not_assignable
  error • The element type 'PillarType (where PillarType is defined in /Users/jingtaiwei/Git/Public/xuan-migration/xuan-common/lib/enums/layout_template_enums.dart)' can't be assigned to the list type 'PillarType (where PillarType is defined in /Users/jingtaiwei/Git/Public/xuan-migration/xuan-four-zhu-templates/lib/enums/layout_template_enums.dart)' • test/commands/command_history_test.dart:444:11 • list_element_type_not_assignable
  error • The element type 'PillarType (where PillarType is defined in /Users/jingtaiwei/Git/Public/xuan-migration/xuan-common/lib/enums/layout_template_enums.dart)' can't be assigned to the list type 'PillarType (where PillarType is defined in /Users/jingtaiwei/Git/Public/xuan-migration/xuan-four-zhu-templates/lib/enums/layout_template_enums.dart)' • test/commands/command_history_test.dart:445:11 • list_element_type_not_assignable
  error • The element type 'PillarType (where PillarType is defined in /Users/jingtaiwei/Git/Public/xuan-migration/xuan-common/lib/enums/layout_template_enums.dart)' can't be assigned to the list type 'PillarType (where PillarType is defined in /Users/jingtaiwei/Git/Public/xuan-migration/xuan-four-zhu-templates/lib/enums/layout_template_enums.dart)' • test/commands/command_history_test.dart:446:11 • list_element_type_not_assignable
  error • The argument type 'RowType (where RowType is defined in /Users/jingtaiwei/Git/Public/xuan-migration/xuan-common/lib/enums/layout_template_enums.dart)' can't be assigned to the parameter type 'RowType (where RowType is defined in /Users/jingtaiwei/Git/Public/xuan-migration/xuan-four-zhu-templates/lib/enums/layout_template_enums.dart)'.  • test/commands/command_history_test.dart:454:15 • argument_type_not_assignable
  error • The argument type 'TextStyleConfig (where TextStyleConfig is defined in /Users/jingtaiwei/Git/Public/xuan-migration/xuan-common/lib/models/text_style_config.dart)' can't be assigned to the parameter type 'TextStyleConfig (where TextStyleConfig is defined in /Users/jingtaiwei/Git/Public/xuan-migration/xuan-four-zhu-templates/lib/models/text_style_config.dart)'.  • test/commands/command_history_test.dart:457:26 • argument_type_not_assignable
  error • A value of type 'BorderType' can't be assigned to a parameter of type 'BorderType' in a const constructor • test/datasource/install_market_template_usecase_test.dart:156:9 • const_constructor_param_type_mismatch
  error • The argument type 'BorderType (where BorderType is defined in /Users/jingtaiwei/Git/Public/xuan-migration/xuan-common/lib/enums/layout_template_enums.dart)' can't be assigned to the parameter type 'BorderType (where BorderType is defined in /Users/jingtaiwei/Git/Public/xuan-migration/xuan-four-zhu-templates/lib/enums/layout_template_enums.dart)'.  • test/datasource/install_market_template_usecase_test.dart:156:22 • argument_type_not_assignable
  error • The element type 'PillarType (where PillarType is defined in /Users/jingtaiwei/Git/Public/xuan-migration/xuan-common/lib/enums/layout_template_enums.dart)' can't be assigned to the list type 'PillarType (where PillarType is defined in /Users/jingtaiwei/Git/Public/xuan-migration/xuan-four-zhu-templates/lib/enums/layout_template_enums.dart)' • test/datasource/install_market_template_usecase_test.dart:167:25 • list_element_type_not_assignable
  error • The element type 'PillarType (where PillarType is defined in /Users/jingtaiwei/Git/Public/xuan-migration/xuan-common/lib/enums/layout_template_enums.dart)' can't be assigned to the list type 'PillarType (where PillarType is defined in /Users/jingtaiwei/Git/Public/xuan-migration/xuan-four-zhu-templates/lib/enums/layout_template_enums.dart)' • test/datasource/install_market_template_usecase_test.dart:167:42 • list_element_type_not_assignable
  error • The argument type 'RowType (where RowType is defined in /Users/jingtaiwei/Git/Public/xuan-migration/xuan-common/lib/enums/layout_template_enums.dart)' can't be assigned to the parameter type 'RowType (where RowType is defined in /Users/jingtaiwei/Git/Public/xuan-migration/xuan-four-zhu-templates/lib/enums/layout_template_enums.dart)'.  • test/datasource/install_market_template_usecase_test.dart:172:17 • argument_type_not_assignable
  error • The argument type 'TextStyleConfig (where TextStyleConfig is defined in /Users/jingtaiwei/Git/Public/xuan-migration/xuan-common/lib/models/text_style_config.dart)' can't be assigned to the parameter type 'TextStyleConfig (where TextStyleConfig is defined in /Users/jingtaiwei/Git/Public/xuan-migration/xuan-four-zhu-templates/lib/models/text_style_config.dart)'.  • test/datasource/install_market_template_usecase_test.dart:175:28 • argument_type_not_assignable
  error • A value of type 'BorderType' can't be assigned to a parameter of type 'BorderType' in a const constructor • test/datasource/layout_template_local_data_source_test.dart:36:9 • const_constructor_param_type_mismatch
  error • The argument type 'BorderType (where BorderType is defined in /Users/jingtaiwei/Git/Public/xuan-migration/xuan-common/lib/enums/layout_template_enums.dart)' can't be assigned to the parameter type 'BorderType (where BorderType is defined in /Users/jingtaiwei/Git/Public/xuan-migration/xuan-four-zhu-templates/lib/enums/layout_template_enums.dart)'.  • test/datasource/layout_template_local_data_source_test.dart:36:22 • argument_type_not_assignable
  error • The element type 'PillarType (where PillarType is defined in /Users/jingtaiwei/Git/Public/xuan-migration/xuan-common/lib/enums/layout_template_enums.dart)' can't be assigned to the list type 'PillarType (where PillarType is defined in /Users/jingtaiwei/Git/Public/xuan-migration/xuan-four-zhu-templates/lib/enums/layout_template_enums.dart)' • test/datasource/layout_template_local_data_source_test.dart:47:25 • list_element_type_not_assignable
  error • The element type 'PillarType (where PillarType is defined in /Users/jingtaiwei/Git/Public/xuan-migration/xuan-common/lib/enums/layout_template_enums.dart)' can't be assigned to the list type 'PillarType (where PillarType is defined in /Users/jingtaiwei/Git/Public/xuan-migration/xuan-four-zhu-templates/lib/enums/layout_template_enums.dart)' • test/datasource/layout_template_local_data_source_test.dart:47:42 • list_element_type_not_assignable
  error • The argument type 'RowType (where RowType is defined in /Users/jingtaiwei/Git/Public/xuan-migration/xuan-common/lib/enums/layout_template_enums.dart)' can't be assigned to the parameter type 'RowType (where RowType is defined in /Users/jingtaiwei/Git/Public/xuan-migration/xuan-four-zhu-templates/lib/enums/layout_template_enums.dart)'.  • test/datasource/layout_template_local_data_source_test.dart:52:17 • argument_type_not_assignable
  error • The argument type 'TextStyleConfig (where TextStyleConfig is defined in /Users/jingtaiwei/Git/Public/xuan-migration/xuan-common/lib/models/text_style_config.dart)' can't be assigned to the parameter type 'TextStyleConfig (where TextStyleConfig is defined in /Users/jingtaiwei/Git/Public/xuan-migration/xuan-four-zhu-templates/lib/models/text_style_config.dart)'.  • test/datasource/layout_template_local_data_source_test.dart:55:28 • argument_type_not_assignable
   info • The local variable '_prevOnError' starts with an underscore • test/editable_fourzhu_card_v3_drag_test.dart:186:33 • no_leading_underscores_for_local_identifiers
warning • Duplicate import • test/editable_fourzhu_card_v3_golden_test.dart:6:8 • duplicate_import
warning • Unused import: 'package:common/models/row_strategy.dart' • test/editable_fourzhu_card_v3_golden_test.dart:13:8 • unused_import
warning • Unused import: 'package:common/models/seventy_two_phenology.dart' • test/jieqi_entry_precision_boundary_test.dart:7:8 • unused_import
warning • The '!' will have no effect because the receiver can't be null • test/jieqi_entry_precision_boundary_test.dart:51:35 • unnecessary_non_null_assertion
warning • The '!' will have no effect because the receiver can't be null • test/jieqi_entry_precision_boundary_test.dart:52:21 • unnecessary_non_null_assertion
warning • The '!' will have no effect because the receiver can't be null • test/jieqi_entry_precision_boundary_test.dart:53:21 • unnecessary_non_null_assertion
warning • The '!' will have no effect because the receiver can't be null • test/jieqi_entry_precision_boundary_test.dart:54:28 • unnecessary_non_null_assertion
warning • The '!' will have no effect because the receiver can't be null • test/jieqi_entry_precision_boundary_test.dart:87:37 • unnecessary_non_null_assertion
warning • The '!' will have no effect because the receiver can't be null • test/jieqi_entry_precision_boundary_test.dart:88:21 • unnecessary_non_null_assertion
warning • The '!' will have no effect because the receiver can't be null • test/jieqi_entry_precision_boundary_test.dart:89:21 • unnecessary_non_null_assertion
warning • The '!' will have no effect because the receiver can't be null • test/jieqi_entry_precision_boundary_test.dart:90:34 • unnecessary_non_null_assertion
warning • The '!' will have no effect because the receiver can't be null • test/jieqi_entry_precision_boundary_test.dart:209:44 • unnecessary_non_null_assertion
warning • The '!' will have no effect because the receiver can't be null • test/jieqi_entry_precision_boundary_test.dart:209:60 • unnecessary_non_null_assertion
warning • The '!' will have no effect because the receiver can't be null • test/jieqi_entry_precision_boundary_test.dart:209:77 • unnecessary_non_null_assertion
warning • The value of the local variable 'result' isn't used • test/test_collections_utils.dart:41:22 • unused_local_variable
warning • The value of the local variable 'result' isn't used • test/test_collections_utils.dart:53:22 • unused_local_variable
warning • The value of the local variable 'now' isn't used • test/test_solar_lunar.dart:15:11 • unused_local_variable
   info • Don't invoke 'print' in production code • test/test_solar_lunar.dart:18:7 • avoid_print
   info • Don't invoke 'print' in production code • test/test_solar_lunar.dart:21:7 • avoid_print
   info • Don't invoke 'print' in production code • test/test_solar_lunar.dart:31:7 • avoid_print
   info • Don't invoke 'print' in production code • test/test_solar_lunar.dart:33:7 • avoid_print
   info • Don't invoke 'print' in production code • test/test_solar_lunar.dart:55:7 • avoid_print
   info • Don't invoke 'print' in production code • test/test_solar_lunar.dart:56:7 • avoid_print
   info • Don't invoke 'print' in production code • test/test_solar_lunar.dart:93:7 • avoid_print
   info • Don't invoke 'print' in production code • test/test_solar_lunar.dart:94:7 • avoid_print
   info • Don't invoke 'print' in production code • test/test_solar_lunar.dart:95:7 • avoid_print
   info • Don't invoke 'print' in production code • test/test_solar_lunar.dart:97:7 • avoid_print
   info • Don't invoke 'print' in production code • test/test_solar_lunar.dart:98:7 • avoid_print
   info • Don't invoke 'print' in production code • test/test_solar_lunar.dart:99:7 • avoid_print
   info • Don't invoke 'print' in production code • test/test_solar_lunar.dart:108:7 • avoid_print
   info • Don't invoke 'print' in production code • test/test_solar_lunar.dart:109:7 • avoid_print
   info • Don't invoke 'print' in production code • test/test_solar_lunar.dart:117:7 • avoid_print
   info • Don't invoke 'print' in production code • test/test_solar_lunar.dart:121:7 • avoid_print
   info • Don't invoke 'print' in production code • test/test_solar_lunar.dart:124:7 • avoid_print
   info • Don't invoke 'print' in production code • test/test_solar_lunar.dart:139:7 • avoid_print
   info • Don't invoke 'print' in production code • test/test_solar_lunar.dart:145:7 • avoid_print
   info • Don't invoke 'print' in production code • test/test_tian_gan.dart:12:7 • avoid_print
  error • The argument type 'RowType (where RowType is defined in /Users/jingtaiwei/Git/Public/xuan-migration/xuan-common/lib/enums/layout_template_enums.dart)' can't be assigned to the parameter type 'RowType (where RowType is defined in /Users/jingtaiwei/Git/Public/xuan-migration/xuan-four-zhu-templates/lib/enums/layout_template_enums.dart)'.  • test/theme_controller_test.dart:37:17 • argument_type_not_assignable
  error • A value of type 'BorderType' can't be assigned to a parameter of type 'BorderType' in a const constructor • test/theme_controller_test.dart:87:9 • const_constructor_param_type_mismatch
  error • The argument type 'BorderType (where BorderType is defined in /Users/jingtaiwei/Git/Public/xuan-migration/xuan-common/lib/enums/layout_template_enums.dart)' can't be assigned to the parameter type 'BorderType (where BorderType is defined in /Users/jingtaiwei/Git/Public/xuan-migration/xuan-four-zhu-templates/lib/enums/layout_template_enums.dart)'.  • test/theme_controller_test.dart:87:22 • argument_type_not_assignable
  error • A value of type 'BorderType' can't be assigned to a parameter of type 'BorderType' in a const constructor • test/theme_controller_test.dart:120:9 • const_constructor_param_type_mismatch
  error • The argument type 'BorderType (where BorderType is defined in /Users/jingtaiwei/Git/Public/xuan-migration/xuan-common/lib/enums/layout_template_enums.dart)' can't be assigned to the parameter type 'BorderType (where BorderType is defined in /Users/jingtaiwei/Git/Public/xuan-migration/xuan-four-zhu-templates/lib/enums/layout_template_enums.dart)'.  • test/theme_controller_test.dart:120:22 • argument_type_not_assignable
  error • The argument type 'PillarStyleConfig (where PillarStyleConfig is defined in /Users/jingtaiwei/Git/Public/xuan-migration/xuan-four-zhu-card/lib/features/four_zhu_card/widgets/editable_fourzhu_card/models/pillar_style_config.dart)' can't be assigned to the parameter type 'PillarStyleConfig (where PillarStyleConfig is defined in /Users/jingtaiwei/Git/Public/xuan-migration/xuan-common/lib/features/four_zhu_card/widgets/editable_fourzhu_card/models/pillar_style_config.dart)'.  • test/theme_controller_test.dart:169:17 • argument_type_not_assignable
  error • The element type 'PillarStyleConfig (where PillarStyleConfig is defined in /Users/jingtaiwei/Git/Public/xuan-migration/xuan-four-zhu-card/lib/features/four_zhu_card/widgets/editable_fourzhu_card/models/pillar_style_config.dart)' can't be assigned to the map value type 'PillarStyleConfig (where PillarStyleConfig is defined in /Users/jingtaiwei/Git/Public/xuan-migration/xuan-common/lib/features/four_zhu_card/widgets/editable_fourzhu_card/models/pillar_style_config.dart)' • test/theme_controller_test.dart:170:35 • map_value_type_not_assignable
  error • A value of type 'BorderType' can't be assigned to a parameter of type 'BorderType' in a const constructor • test/themes/style_resolver_test.dart:18:9 • const_constructor_param_type_mismatch
  error • The argument type 'BorderType (where BorderType is defined in /Users/jingtaiwei/Git/Public/xuan-migration/xuan-common/lib/enums/layout_template_enums.dart)' can't be assigned to the parameter type 'BorderType (where BorderType is defined in /Users/jingtaiwei/Git/Public/xuan-migration/xuan-four-zhu-templates/lib/enums/layout_template_enums.dart)'.  • test/themes/style_resolver_test.dart:18:22 • argument_type_not_assignable
  error • The argument type 'RowType (where RowType is defined in /Users/jingtaiwei/Git/Public/xuan-migration/xuan-common/lib/enums/layout_template_enums.dart)' can't be assigned to the parameter type 'RowType (where RowType is defined in /Users/jingtaiwei/Git/Public/xuan-migration/xuan-four-zhu-templates/lib/enums/layout_template_enums.dart)'.  • test/themes/style_resolver_test.dart:27:15 • argument_type_not_assignable
  error • The argument type 'TextStyleConfig (where TextStyleConfig is defined in /Users/jingtaiwei/Git/Public/xuan-migration/xuan-common/lib/models/text_style_config.dart)' can't be assigned to the parameter type 'TextStyleConfig (where TextStyleConfig is defined in /Users/jingtaiwei/Git/Public/xuan-migration/xuan-four-zhu-templates/lib/models/text_style_config.dart)'.  • test/themes/style_resolver_test.dart:30:26 • argument_type_not_assignable
  error • A value of type 'BorderType' can't be assigned to a parameter of type 'BorderType' in a const constructor • test/themes/style_resolver_test.dart:75:9 • const_constructor_param_type_mismatch
  error • The argument type 'BorderType (where BorderType is defined in /Users/jingtaiwei/Git/Public/xuan-migration/xuan-common/lib/enums/layout_template_enums.dart)' can't be assigned to the parameter type 'BorderType (where BorderType is defined in /Users/jingtaiwei/Git/Public/xuan-migration/xuan-four-zhu-templates/lib/enums/layout_template_enums.dart)'.  • test/themes/style_resolver_test.dart:75:22 • argument_type_not_assignable
  error • The argument type 'RowType (where RowType is defined in /Users/jingtaiwei/Git/Public/xuan-migration/xuan-common/lib/enums/layout_template_enums.dart)' can't be assigned to the parameter type 'RowType (where RowType is defined in /Users/jingtaiwei/Git/Public/xuan-migration/xuan-four-zhu-templates/lib/enums/layout_template_enums.dart)'.  • test/themes/style_resolver_test.dart:84:15 • argument_type_not_assignable
  error • The argument type 'TextStyleConfig (where TextStyleConfig is defined in /Users/jingtaiwei/Git/Public/xuan-migration/xuan-common/lib/models/text_style_config.dart)' can't be assigned to the parameter type 'TextStyleConfig (where TextStyleConfig is defined in /Users/jingtaiwei/Git/Public/xuan-migration/xuan-four-zhu-templates/lib/models/text_style_config.dart)'.  • test/themes/style_resolver_test.dart:87:26 • argument_type_not_assignable
  error • A value of type 'BorderType' can't be assigned to a parameter of type 'BorderType' in a const constructor • test/themes/style_resolver_test.dart:131:9 • const_constructor_param_type_mismatch
  error • The argument type 'BorderType (where BorderType is defined in /Users/jingtaiwei/Git/Public/xuan-migration/xuan-common/lib/enums/layout_template_enums.dart)' can't be assigned to the parameter type 'BorderType (where BorderType is defined in /Users/jingtaiwei/Git/Public/xuan-migration/xuan-four-zhu-templates/lib/enums/layout_template_enums.dart)'.  • test/themes/style_resolver_test.dart:131:22 • argument_type_not_assignable
  error • The argument type 'RowType (where RowType is defined in /Users/jingtaiwei/Git/Public/xuan-migration/xuan-common/lib/enums/layout_template_enums.dart)' can't be assigned to the parameter type 'RowType (where RowType is defined in /Users/jingtaiwei/Git/Public/xuan-migration/xuan-four-zhu-templates/lib/enums/layout_template_enums.dart)'.  • test/themes/style_resolver_test.dart:173:15 • argument_type_not_assignable
  error • The argument type 'TextStyleConfig (where TextStyleConfig is defined in /Users/jingtaiwei/Git/Public/xuan-migration/xuan-common/lib/models/text_style_config.dart)' can't be assigned to the parameter type 'TextStyleConfig (where TextStyleConfig is defined in /Users/jingtaiwei/Git/Public/xuan-migration/xuan-four-zhu-templates/lib/models/text_style_config.dart)'.  • test/themes/style_resolver_test.dart:176:26 • argument_type_not_assignable
  error • The argument type 'RowType (where RowType is defined in /Users/jingtaiwei/Git/Public/xuan-migration/xuan-common/lib/enums/layout_template_enums.dart)' can't be assigned to the parameter type 'RowType (where RowType is defined in /Users/jingtaiwei/Git/Public/xuan-migration/xuan-four-zhu-templates/lib/enums/layout_template_enums.dart)'.  • test/themes/style_resolver_test.dart:213:15 • argument_type_not_assignable
  error • The argument type 'TextStyleConfig (where TextStyleConfig is defined in /Users/jingtaiwei/Git/Public/xuan-migration/xuan-common/lib/models/text_style_config.dart)' can't be assigned to the parameter type 'TextStyleConfig (where TextStyleConfig is defined in /Users/jingtaiwei/Git/Public/xuan-migration/xuan-four-zhu-templates/lib/models/text_style_config.dart)'.  • test/themes/style_resolver_test.dart:216:26 • argument_type_not_assignable
  error • A value of type 'BorderType' can't be assigned to a parameter of type 'BorderType' in a const constructor • test/themes/style_resolver_test.dart:254:9 • const_constructor_param_type_mismatch
  error • The argument type 'BorderType (where BorderType is defined in /Users/jingtaiwei/Git/Public/xuan-migration/xuan-common/lib/enums/layout_template_enums.dart)' can't be assigned to the parameter type 'BorderType (where BorderType is defined in /Users/jingtaiwei/Git/Public/xuan-migration/xuan-four-zhu-templates/lib/enums/layout_template_enums.dart)'.  • test/themes/style_resolver_test.dart:254:22 • argument_type_not_assignable
  error • A value of type 'BorderType' can't be assigned to a parameter of type 'BorderType' in a const constructor • test/viewmodels/four_zhu_editor_view_model_test.dart:90:11 • const_constructor_param_type_mismatch
  error • The argument type 'BorderType (where BorderType is defined in /Users/jingtaiwei/Git/Public/xuan-migration/xuan-common/lib/enums/layout_template_enums.dart)' can't be assigned to the parameter type 'BorderType (where BorderType is defined in /Users/jingtaiwei/Git/Public/xuan-migration/xuan-four-zhu-templates/lib/enums/layout_template_enums.dart)'.  • test/viewmodels/four_zhu_editor_view_model_test.dart:90:24 • argument_type_not_assignable
  error • The element type 'PillarType (where PillarType is defined in /Users/jingtaiwei/Git/Public/xuan-migration/xuan-common/lib/enums/layout_template_enums.dart)' can't be assigned to the list type 'PillarType (where PillarType is defined in /Users/jingtaiwei/Git/Public/xuan-migration/xuan-four-zhu-templates/lib/enums/layout_template_enums.dart)' • test/viewmodels/four_zhu_editor_view_model_test.dart:103:15 • list_element_type_not_assignable
  error • The element type 'PillarType (where PillarType is defined in /Users/jingtaiwei/Git/Public/xuan-migration/xuan-common/lib/enums/layout_template_enums.dart)' can't be assigned to the list type 'PillarType (where PillarType is defined in /Users/jingtaiwei/Git/Public/xuan-migration/xuan-four-zhu-templates/lib/enums/layout_template_enums.dart)' • test/viewmodels/four_zhu_editor_view_model_test.dart:104:15 • list_element_type_not_assignable
  error • The element type 'PillarType (where PillarType is defined in /Users/jingtaiwei/Git/Public/xuan-migration/xuan-common/lib/enums/layout_template_enums.dart)' can't be assigned to the list type 'PillarType (where PillarType is defined in /Users/jingtaiwei/Git/Public/xuan-migration/xuan-four-zhu-templates/lib/enums/layout_template_enums.dart)' • test/viewmodels/four_zhu_editor_view_model_test.dart:105:15 • list_element_type_not_assignable
  error • The element type 'PillarType (where PillarType is defined in /Users/jingtaiwei/Git/Public/xuan-migration/xuan-common/lib/enums/layout_template_enums.dart)' can't be assigned to the list type 'PillarType (where PillarType is defined in /Users/jingtaiwei/Git/Public/xuan-migration/xuan-four-zhu-templates/lib/enums/layout_template_enums.dart)' • test/viewmodels/four_zhu_editor_view_model_test.dart:106:15 • list_element_type_not_assignable
  error • The element type 'PillarType (where PillarType is defined in /Users/jingtaiwei/Git/Public/xuan-migration/xuan-common/lib/enums/layout_template_enums.dart)' can't be assigned to the list type 'PillarType (where PillarType is defined in /Users/jingtaiwei/Git/Public/xuan-migration/xuan-four-zhu-templates/lib/enums/layout_template_enums.dart)' • test/viewmodels/four_zhu_editor_view_model_test.dart:107:15 • list_element_type_not_assignable
  error • The argument type 'RowType (where RowType is defined in /Users/jingtaiwei/Git/Public/xuan-migration/xuan-common/lib/enums/layout_template_enums.dart)' can't be assigned to the parameter type 'RowType (where RowType is defined in /Users/jingtaiwei/Git/Public/xuan-migration/xuan-four-zhu-templates/lib/enums/layout_template_enums.dart)'.  • test/viewmodels/four_zhu_editor_view_model_test.dart:113:19 • argument_type_not_assignable
  error • The argument type 'TextStyleConfig (where TextStyleConfig is defined in /Users/jingtaiwei/Git/Public/xuan-migration/xuan-common/lib/models/text_style_config.dart)' can't be assigned to the parameter type 'TextStyleConfig (where TextStyleConfig is defined in /Users/jingtaiwei/Git/Public/xuan-migration/xuan-four-zhu-templates/lib/models/text_style_config.dart)'.  • test/viewmodels/four_zhu_editor_view_model_test.dart:116:30 • argument_type_not_assignable
  error • The argument type 'RowType (where RowType is defined in /Users/jingtaiwei/Git/Public/xuan-migration/xuan-common/lib/enums/layout_template_enums.dart)' can't be assigned to the parameter type 'RowType (where RowType is defined in /Users/jingtaiwei/Git/Public/xuan-migration/xuan-four-zhu-templates/lib/enums/layout_template_enums.dart)'.  • test/viewmodels/four_zhu_editor_view_model_test.dart:119:19 • argument_type_not_assignable
  error • The argument type 'TextStyleConfig (where TextStyleConfig is defined in /Users/jingtaiwei/Git/Public/xuan-migration/xuan-common/lib/models/text_style_config.dart)' can't be assigned to the parameter type 'TextStyleConfig (where TextStyleConfig is defined in /Users/jingtaiwei/Git/Public/xuan-migration/xuan-four-zhu-templates/lib/models/text_style_config.dart)'.  • test/viewmodels/four_zhu_editor_view_model_test.dart:122:30 • argument_type_not_assignable
  error • The argument type 'RowType (where RowType is defined in /Users/jingtaiwei/Git/Public/xuan-migration/xuan-common/lib/enums/layout_template_enums.dart)' can't be assigned to the parameter type 'RowType (where RowType is defined in /Users/jingtaiwei/Git/Public/xuan-migration/xuan-four-zhu-templates/lib/enums/layout_template_enums.dart)'.  • test/viewmodels/four_zhu_editor_view_model_test.dart:125:19 • argument_type_not_assignable
  error • The argument type 'TextStyleConfig (where TextStyleConfig is defined in /Users/jingtaiwei/Git/Public/xuan-migration/xuan-common/lib/models/text_style_config.dart)' can't be assigned to the parameter type 'TextStyleConfig (where TextStyleConfig is defined in /Users/jingtaiwei/Git/Public/xuan-migration/xuan-four-zhu-templates/lib/models/text_style_config.dart)'.  • test/viewmodels/four_zhu_editor_view_model_test.dart:128:30 • argument_type_not_assignable
  error • The argument type 'RowType (where RowType is defined in /Users/jingtaiwei/Git/Public/xuan-migration/xuan-common/lib/enums/layout_template_enums.dart)' can't be assigned to the parameter type 'RowType (where RowType is defined in /Users/jingtaiwei/Git/Public/xuan-migration/xuan-four-zhu-templates/lib/enums/layout_template_enums.dart)'.  • test/viewmodels/four_zhu_editor_view_model_test.dart:131:19 • argument_type_not_assignable
  error • The argument type 'TextStyleConfig (where TextStyleConfig is defined in /Users/jingtaiwei/Git/Public/xuan-migration/xuan-common/lib/models/text_style_config.dart)' can't be assigned to the parameter type 'TextStyleConfig (where TextStyleConfig is defined in /Users/jingtaiwei/Git/Public/xuan-migration/xuan-four-zhu-templates/lib/models/text_style_config.dart)'.  • test/viewmodels/four_zhu_editor_view_model_test.dart:134:30 • argument_type_not_assignable
  error • The argument type 'RowType (where RowType is defined in /Users/jingtaiwei/Git/Public/xuan-migration/xuan-common/lib/enums/layout_template_enums.dart)' can't be assigned to the parameter type 'RowType (where RowType is defined in /Users/jingtaiwei/Git/Public/xuan-migration/xuan-four-zhu-templates/lib/enums/layout_template_enums.dart)'.  • test/viewmodels/four_zhu_editor_view_model_test.dart:137:19 • argument_type_not_assignable
  error • The argument type 'TextStyleConfig (where TextStyleConfig is defined in /Users/jingtaiwei/Git/Public/xuan-migration/xuan-common/lib/models/text_style_config.dart)' can't be assigned to the parameter type 'TextStyleConfig (where TextStyleConfig is defined in /Users/jingtaiwei/Git/Public/xuan-migration/xuan-four-zhu-templates/lib/models/text_style_config.dart)'.  • test/viewmodels/four_zhu_editor_view_model_test.dart:140:30 • argument_type_not_assignable
  error • The argument type 'RowType (where RowType is defined in /Users/jingtaiwei/Git/Public/xuan-migration/xuan-common/lib/enums/layout_template_enums.dart)' can't be assigned to the parameter type 'RowType (where RowType is defined in /Users/jingtaiwei/Git/Public/xuan-migration/xuan-four-zhu-templates/lib/enums/layout_template_enums.dart)'.  • test/viewmodels/four_zhu_editor_view_model_test.dart:143:19 • argument_type_not_assignable
  error • The argument type 'TextStyleConfig (where TextStyleConfig is defined in /Users/jingtaiwei/Git/Public/xuan-migration/xuan-common/lib/models/text_style_config.dart)' can't be assigned to the parameter type 'TextStyleConfig (where TextStyleConfig is defined in /Users/jingtaiwei/Git/Public/xuan-migration/xuan-four-zhu-templates/lib/models/text_style_config.dart)'.  • test/viewmodels/four_zhu_editor_view_model_test.dart:146:30 • argument_type_not_assignable
  error • The argument type 'RowType (where RowType is defined in /Users/jingtaiwei/Git/Public/xuan-migration/xuan-common/lib/enums/layout_template_enums.dart)' can't be assigned to the parameter type 'RowType (where RowType is defined in /Users/jingtaiwei/Git/Public/xuan-migration/xuan-four-zhu-templates/lib/enums/layout_template_enums.dart)'.  • test/viewmodels/four_zhu_editor_view_model_test.dart:149:19 • argument_type_not_assignable
  error • The argument type 'TextStyleConfig (where TextStyleConfig is defined in /Users/jingtaiwei/Git/Public/xuan-migration/xuan-common/lib/models/text_style_config.dart)' can't be assigned to the parameter type 'TextStyleConfig (where TextStyleConfig is defined in /Users/jingtaiwei/Git/Public/xuan-migration/xuan-four-zhu-templates/lib/models/text_style_config.dart)'.  • test/viewmodels/four_zhu_editor_view_model_test.dart:152:30 • argument_type_not_assignable
  error • The argument type 'RowType (where RowType is defined in /Users/jingtaiwei/Git/Public/xuan-migration/xuan-common/lib/enums/layout_template_enums.dart)' can't be assigned to the parameter type 'RowType (where RowType is defined in /Users/jingtaiwei/Git/Public/xuan-migration/xuan-four-zhu-templates/lib/enums/layout_template_enums.dart)'.  • test/viewmodels/four_zhu_editor_view_model_test.dart:155:19 • argument_type_not_assignable
  error • The argument type 'TextStyleConfig (where TextStyleConfig is defined in /Users/jingtaiwei/Git/Public/xuan-migration/xuan-common/lib/models/text_style_config.dart)' can't be assigned to the parameter type 'TextStyleConfig (where TextStyleConfig is defined in /Users/jingtaiwei/Git/Public/xuan-migration/xuan-four-zhu-templates/lib/models/text_style_config.dart)'.  • test/viewmodels/four_zhu_editor_view_model_test.dart:158:30 • argument_type_not_assignable
  error • A value of type 'BorderType' can't be assigned to a parameter of type 'BorderType' in a const constructor • test/viewmodels/four_zhu_editor_view_model_test.dart:193:13 • const_constructor_param_type_mismatch
  error • The argument type 'BorderType (where BorderType is defined in /Users/jingtaiwei/Git/Public/xuan-migration/xuan-common/lib/enums/layout_template_enums.dart)' can't be assigned to the parameter type 'BorderType (where BorderType is defined in /Users/jingtaiwei/Git/Public/xuan-migration/xuan-four-zhu-templates/lib/enums/layout_template_enums.dart)'.  • test/viewmodels/four_zhu_editor_view_model_test.dart:193:26 • argument_type_not_assignable
  error • The element type 'PillarType (where PillarType is defined in /Users/jingtaiwei/Git/Public/xuan-migration/xuan-common/lib/enums/layout_template_enums.dart)' can't be assigned to the list type 'PillarType (where PillarType is defined in /Users/jingtaiwei/Git/Public/xuan-migration/xuan-four-zhu-templates/lib/enums/layout_template_enums.dart)' • test/viewmodels/four_zhu_editor_view_model_test.dart:206:17 • list_element_type_not_assignable
  error • The element type 'PillarType (where PillarType is defined in /Users/jingtaiwei/Git/Public/xuan-migration/xuan-common/lib/enums/layout_template_enums.dart)' can't be assigned to the list type 'PillarType (where PillarType is defined in /Users/jingtaiwei/Git/Public/xuan-migration/xuan-four-zhu-templates/lib/enums/layout_template_enums.dart)' • test/viewmodels/four_zhu_editor_view_model_test.dart:207:17 • list_element_type_not_assignable
  error • The element type 'PillarType (where PillarType is defined in /Users/jingtaiwei/Git/Public/xuan-migration/xuan-common/lib/enums/layout_template_enums.dart)' can't be assigned to the list type 'PillarType (where PillarType is defined in /Users/jingtaiwei/Git/Public/xuan-migration/xuan-four-zhu-templates/lib/enums/layout_template_enums.dart)' • test/viewmodels/four_zhu_editor_view_model_test.dart:208:17 • list_element_type_not_assignable
  error • The element type 'PillarType (where PillarType is defined in /Users/jingtaiwei/Git/Public/xuan-migration/xuan-common/lib/enums/layout_template_enums.dart)' can't be assigned to the list type 'PillarType (where PillarType is defined in /Users/jingtaiwei/Git/Public/xuan-migration/xuan-four-zhu-templates/lib/enums/layout_template_enums.dart)' • test/viewmodels/four_zhu_editor_view_model_test.dart:209:17 • list_element_type_not_assignable
  error • The element type 'PillarType (where PillarType is defined in /Users/jingtaiwei/Git/Public/xuan-migration/xuan-common/lib/enums/layout_template_enums.dart)' can't be assigned to the list type 'PillarType (where PillarType is defined in /Users/jingtaiwei/Git/Public/xuan-migration/xuan-four-zhu-templates/lib/enums/layout_template_enums.dart)' • test/viewmodels/four_zhu_editor_view_model_test.dart:210:17 • list_element_type_not_assignable
  error • The argument type 'RowType (where RowType is defined in /Users/jingtaiwei/Git/Public/xuan-migration/xuan-common/lib/enums/layout_template_enums.dart)' can't be assigned to the parameter type 'RowType (where RowType is defined in /Users/jingtaiwei/Git/Public/xuan-migration/xuan-four-zhu-templates/lib/enums/layout_template_enums.dart)'.  • test/viewmodels/four_zhu_editor_view_model_test.dart:216:21 • argument_type_not_assignable
  error • The argument type 'TextStyleConfig (where TextStyleConfig is defined in /Users/jingtaiwei/Git/Public/xuan-migration/xuan-common/lib/models/text_style_config.dart)' can't be assigned to the parameter type 'TextStyleConfig (where TextStyleConfig is defined in /Users/jingtaiwei/Git/Public/xuan-migration/xuan-four-zhu-templates/lib/models/text_style_config.dart)'.  • test/viewmodels/four_zhu_editor_view_model_test.dart:219:32 • argument_type_not_assignable
  error • A value of type 'BorderType' can't be assigned to a parameter of type 'BorderType' in a const constructor • test/viewmodels/four_zhu_editor_view_model_test.dart:263:11 • const_constructor_param_type_mismatch
  error • The argument type 'BorderType (where BorderType is defined in /Users/jingtaiwei/Git/Public/xuan-migration/xuan-common/lib/enums/layout_template_enums.dart)' can't be assigned to the parameter type 'BorderType (where BorderType is defined in /Users/jingtaiwei/Git/Public/xuan-migration/xuan-four-zhu-templates/lib/enums/layout_template_enums.dart)'.  • test/viewmodels/four_zhu_editor_view_model_test.dart:263:24 • argument_type_not_assignable
  error • The element type 'PillarType (where PillarType is defined in /Users/jingtaiwei/Git/Public/xuan-migration/xuan-common/lib/enums/layout_template_enums.dart)' can't be assigned to the list type 'PillarType (where PillarType is defined in /Users/jingtaiwei/Git/Public/xuan-migration/xuan-four-zhu-templates/lib/enums/layout_template_enums.dart)' • test/viewmodels/four_zhu_editor_view_model_test.dart:274:27 • list_element_type_not_assignable
  error • The element type 'PillarType (where PillarType is defined in /Users/jingtaiwei/Git/Public/xuan-migration/xuan-common/lib/enums/layout_template_enums.dart)' can't be assigned to the list type 'PillarType (where PillarType is defined in /Users/jingtaiwei/Git/Public/xuan-migration/xuan-four-zhu-templates/lib/enums/layout_template_enums.dart)' • test/viewmodels/four_zhu_editor_view_model_test.dart:274:44 • list_element_type_not_assignable
  error • The argument type 'RowType (where RowType is defined in /Users/jingtaiwei/Git/Public/xuan-migration/xuan-common/lib/enums/layout_template_enums.dart)' can't be assigned to the parameter type 'RowType (where RowType is defined in /Users/jingtaiwei/Git/Public/xuan-migration/xuan-four-zhu-templates/lib/enums/layout_template_enums.dart)'.  • test/viewmodels/four_zhu_editor_view_model_test.dart:279:19 • argument_type_not_assignable
  error • The argument type 'TextStyleConfig (where TextStyleConfig is defined in /Users/jingtaiwei/Git/Public/xuan-migration/xuan-common/lib/models/text_style_config.dart)' can't be assigned to the parameter type 'TextStyleConfig (where TextStyleConfig is defined in /Users/jingtaiwei/Git/Public/xuan-migration/xuan-four-zhu-templates/lib/models/text_style_config.dart)'.  • test/viewmodels/four_zhu_editor_view_model_test.dart:282:30 • argument_type_not_assignable
  error • A value of type 'BorderType' can't be assigned to a parameter of type 'BorderType' in a const constructor • test/viewmodels/four_zhu_editor_view_model_test.dart:355:13 • const_constructor_param_type_mismatch
  error • The argument type 'BorderType (where BorderType is defined in /Users/jingtaiwei/Git/Public/xuan-migration/xuan-common/lib/enums/layout_template_enums.dart)' can't be assigned to the parameter type 'BorderType (where BorderType is defined in /Users/jingtaiwei/Git/Public/xuan-migration/xuan-four-zhu-templates/lib/enums/layout_template_enums.dart)'.  • test/viewmodels/four_zhu_editor_view_model_test.dart:355:26 • argument_type_not_assignable
  error • The element type 'PillarType (where PillarType is defined in /Users/jingtaiwei/Git/Public/xuan-migration/xuan-common/lib/enums/layout_template_enums.dart)' can't be assigned to the list type 'PillarType (where PillarType is defined in /Users/jingtaiwei/Git/Public/xuan-migration/xuan-four-zhu-templates/lib/enums/layout_template_enums.dart)' • test/viewmodels/four_zhu_editor_view_model_test.dart:368:17 • list_element_type_not_assignable
  error • The element type 'PillarType (where PillarType is defined in /Users/jingtaiwei/Git/Public/xuan-migration/xuan-common/lib/enums/layout_template_enums.dart)' can't be assigned to the list type 'PillarType (where PillarType is defined in /Users/jingtaiwei/Git/Public/xuan-migration/xuan-four-zhu-templates/lib/enums/layout_template_enums.dart)' • test/viewmodels/four_zhu_editor_view_model_test.dart:369:17 • list_element_type_not_assignable
  error • The element type 'PillarType (where PillarType is defined in /Users/jingtaiwei/Git/Public/xuan-migration/xuan-common/lib/enums/layout_template_enums.dart)' can't be assigned to the list type 'PillarType (where PillarType is defined in /Users/jingtaiwei/Git/Public/xuan-migration/xuan-four-zhu-templates/lib/enums/layout_template_enums.dart)' • test/viewmodels/four_zhu_editor_view_model_test.dart:370:17 • list_element_type_not_assignable
  error • The element type 'PillarType (where PillarType is defined in /Users/jingtaiwei/Git/Public/xuan-migration/xuan-common/lib/enums/layout_template_enums.dart)' can't be assigned to the list type 'PillarType (where PillarType is defined in /Users/jingtaiwei/Git/Public/xuan-migration/xuan-four-zhu-templates/lib/enums/layout_template_enums.dart)' • test/viewmodels/four_zhu_editor_view_model_test.dart:371:17 • list_element_type_not_assignable
  error • The element type 'PillarType (where PillarType is defined in /Users/jingtaiwei/Git/Public/xuan-migration/xuan-common/lib/enums/layout_template_enums.dart)' can't be assigned to the list type 'PillarType (where PillarType is defined in /Users/jingtaiwei/Git/Public/xuan-migration/xuan-four-zhu-templates/lib/enums/layout_template_enums.dart)' • test/viewmodels/four_zhu_editor_view_model_test.dart:372:17 • list_element_type_not_assignable
  error • The argument type 'RowType (where RowType is defined in /Users/jingtaiwei/Git/Public/xuan-migration/xuan-common/lib/enums/layout_template_enums.dart)' can't be assigned to the parameter type 'RowType (where RowType is defined in /Users/jingtaiwei/Git/Public/xuan-migration/xuan-four-zhu-templates/lib/enums/layout_template_enums.dart)'.  • test/viewmodels/four_zhu_editor_view_model_test.dart:378:21 • argument_type_not_assignable
  error • The argument type 'TextStyleConfig (where TextStyleConfig is defined in /Users/jingtaiwei/Git/Public/xuan-migration/xuan-common/lib/models/text_style_config.dart)' can't be assigned to the parameter type 'TextStyleConfig (where TextStyleConfig is defined in /Users/jingtaiwei/Git/Public/xuan-migration/xuan-four-zhu-templates/lib/models/text_style_config.dart)'.  • test/viewmodels/four_zhu_editor_view_model_test.dart:381:32 • argument_type_not_assignable
  error • The argument type 'RowType (where RowType is defined in /Users/jingtaiwei/Git/Public/xuan-migration/xuan-four-zhu-templates/lib/enums/layout_template_enums.dart)' can't be assigned to the parameter type 'RowType (where RowType is defined in /Users/jingtaiwei/Git/Public/xuan-migration/xuan-common/lib/enums/layout_template_enums.dart)'.  • test/viewmodels/four_zhu_editor_view_model_test.dart:467:37 • argument_type_not_assignable
  error • The argument type 'List<RowType> (where RowType is defined in /Users/jingtaiwei/Git/Public/xuan-migration/xuan-four-zhu-templates/lib/enums/layout_template_enums.dart)' can't be assigned to the parameter type 'List<RowType> (where RowType is defined in /Users/jingtaiwei/Git/Public/xuan-migration/xuan-common/lib/enums/layout_template_enums.dart)'.  • test/viewmodels/four_zhu_editor_view_model_test.dart:508:36 • argument_type_not_assignable
warning • Unused import: 'package:common/features/four_zhu_card/widgets/editable_fourzhu_card/models/base_style_config.dart' • test/viewmodels/four_zhu_editor_view_model_usage_log_test.dart:8:8 • unused_import
  error • A value of type 'BorderType' can't be assigned to a parameter of type 'BorderType' in a const constructor • test/viewmodels/four_zhu_editor_view_model_usage_log_test.dart:79:11 • const_constructor_param_type_mismatch
  error • The argument type 'BorderType (where BorderType is defined in /Users/jingtaiwei/Git/Public/xuan-migration/xuan-common/lib/enums/layout_template_enums.dart)' can't be assigned to the parameter type 'BorderType (where BorderType is defined in /Users/jingtaiwei/Git/Public/xuan-migration/xuan-four-zhu-templates/lib/enums/layout_template_enums.dart)'.  • test/viewmodels/four_zhu_editor_view_model_usage_log_test.dart:79:24 • argument_type_not_assignable
  error • The element type 'PillarType (where PillarType is defined in /Users/jingtaiwei/Git/Public/xuan-migration/xuan-common/lib/enums/layout_template_enums.dart)' can't be assigned to the list type 'PillarType (where PillarType is defined in /Users/jingtaiwei/Git/Public/xuan-migration/xuan-four-zhu-templates/lib/enums/layout_template_enums.dart)' • test/viewmodels/four_zhu_editor_view_model_usage_log_test.dart:92:15 • list_element_type_not_assignable
  error • The element type 'PillarType (where PillarType is defined in /Users/jingtaiwei/Git/Public/xuan-migration/xuan-common/lib/enums/layout_template_enums.dart)' can't be assigned to the list type 'PillarType (where PillarType is defined in /Users/jingtaiwei/Git/Public/xuan-migration/xuan-four-zhu-templates/lib/enums/layout_template_enums.dart)' • test/viewmodels/four_zhu_editor_view_model_usage_log_test.dart:93:15 • list_element_type_not_assignable
  error • The element type 'PillarType (where PillarType is defined in /Users/jingtaiwei/Git/Public/xuan-migration/xuan-common/lib/enums/layout_template_enums.dart)' can't be assigned to the list type 'PillarType (where PillarType is defined in /Users/jingtaiwei/Git/Public/xuan-migration/xuan-four-zhu-templates/lib/enums/layout_template_enums.dart)' • test/viewmodels/four_zhu_editor_view_model_usage_log_test.dart:94:15 • list_element_type_not_assignable
  error • The element type 'PillarType (where PillarType is defined in /Users/jingtaiwei/Git/Public/xuan-migration/xuan-common/lib/enums/layout_template_enums.dart)' can't be assigned to the list type 'PillarType (where PillarType is defined in /Users/jingtaiwei/Git/Public/xuan-migration/xuan-four-zhu-templates/lib/enums/layout_template_enums.dart)' • test/viewmodels/four_zhu_editor_view_model_usage_log_test.dart:95:15 • list_element_type_not_assignable
  error • The element type 'PillarType (where PillarType is defined in /Users/jingtaiwei/Git/Public/xuan-migration/xuan-common/lib/enums/layout_template_enums.dart)' can't be assigned to the list type 'PillarType (where PillarType is defined in /Users/jingtaiwei/Git/Public/xuan-migration/xuan-four-zhu-templates/lib/enums/layout_template_enums.dart)' • test/viewmodels/four_zhu_editor_view_model_usage_log_test.dart:96:15 • list_element_type_not_assignable
warning • The value of the local variable 'ctx' isn't used • test/widgets/dimension_models_test.dart:266:29 • unused_local_variable
warning • The value of the local variable 'ctx' isn't used • test/widgets/dimension_models_test.dart:355:29 • unused_local_variable
   info • The local variable '_prevOnError' starts with an underscore • test/widgets/editable_fourzhu_card_v3_pure_drag_test.dart:189:33 • no_leading_underscores_for_local_identifiers
  error • A value of type 'BorderType' can't be assigned to a parameter of type 'BorderType' in a const constructor • test/widgets/four_zhu_card_host_resolver_test.dart:18:9 • const_constructor_param_type_mismatch
  error • The argument type 'BorderType (where BorderType is defined in /Users/jingtaiwei/Git/Public/xuan-migration/xuan-common/lib/enums/layout_template_enums.dart)' can't be assigned to the parameter type 'BorderType (where BorderType is defined in /Users/jingtaiwei/Git/Public/xuan-migration/xuan-four-zhu-templates/lib/enums/layout_template_enums.dart)'.  • test/widgets/four_zhu_card_host_resolver_test.dart:18:22 • argument_type_not_assignable
  error • The element type 'PillarType (where PillarType is defined in /Users/jingtaiwei/Git/Public/xuan-migration/xuan-common/lib/enums/layout_template_enums.dart)' can't be assigned to the list type 'PillarType (where PillarType is defined in /Users/jingtaiwei/Git/Public/xuan-migration/xuan-four-zhu-templates/lib/enums/layout_template_enums.dart)' • test/widgets/four_zhu_card_host_resolver_test.dart:31:13 • list_element_type_not_assignable
  error • The element type 'PillarType (where PillarType is defined in /Users/jingtaiwei/Git/Public/xuan-migration/xuan-common/lib/enums/layout_template_enums.dart)' can't be assigned to the list type 'PillarType (where PillarType is defined in /Users/jingtaiwei/Git/Public/xuan-migration/xuan-four-zhu-templates/lib/enums/layout_template_enums.dart)' • test/widgets/four_zhu_card_host_resolver_test.dart:32:13 • list_element_type_not_assignable
  error • The element type 'PillarType (where PillarType is defined in /Users/jingtaiwei/Git/Public/xuan-migration/xuan-common/lib/enums/layout_template_enums.dart)' can't be assigned to the list type 'PillarType (where PillarType is defined in /Users/jingtaiwei/Git/Public/xuan-migration/xuan-four-zhu-templates/lib/enums/layout_template_enums.dart)' • test/widgets/four_zhu_card_host_resolver_test.dart:33:13 • list_element_type_not_assignable
  error • The element type 'PillarType (where PillarType is defined in /Users/jingtaiwei/Git/Public/xuan-migration/xuan-common/lib/enums/layout_template_enums.dart)' can't be assigned to the list type 'PillarType (where PillarType is defined in /Users/jingtaiwei/Git/Public/xuan-migration/xuan-four-zhu-templates/lib/enums/layout_template_enums.dart)' • test/widgets/four_zhu_card_host_resolver_test.dart:34:13 • list_element_type_not_assignable
  error • The element type 'PillarType (where PillarType is defined in /Users/jingtaiwei/Git/Public/xuan-migration/xuan-common/lib/enums/layout_template_enums.dart)' can't be assigned to the list type 'PillarType (where PillarType is defined in /Users/jingtaiwei/Git/Public/xuan-migration/xuan-four-zhu-templates/lib/enums/layout_template_enums.dart)' • test/widgets/four_zhu_card_host_resolver_test.dart:35:13 • list_element_type_not_assignable
  error • The argument type 'RowType (where RowType is defined in /Users/jingtaiwei/Git/Public/xuan-migration/xuan-common/lib/enums/layout_template_enums.dart)' can't be assigned to the parameter type 'RowType (where RowType is defined in /Users/jingtaiwei/Git/Public/xuan-migration/xuan-four-zhu-templates/lib/enums/layout_template_enums.dart)'.  • test/widgets/four_zhu_card_host_resolver_test.dart:41:17 • argument_type_not_assignable
  error • The argument type 'TextStyleConfig (where TextStyleConfig is defined in /Users/jingtaiwei/Git/Public/xuan-migration/xuan-common/lib/models/text_style_config.dart)' can't be assigned to the parameter type 'TextStyleConfig (where TextStyleConfig is defined in /Users/jingtaiwei/Git/Public/xuan-migration/xuan-four-zhu-templates/lib/models/text_style_config.dart)'.  • test/widgets/four_zhu_card_host_resolver_test.dart:44:28 • argument_type_not_assignable
  error • The argument type 'RowType (where RowType is defined in /Users/jingtaiwei/Git/Public/xuan-migration/xuan-common/lib/enums/layout_template_enums.dart)' can't be assigned to the parameter type 'RowType (where RowType is defined in /Users/jingtaiwei/Git/Public/xuan-migration/xuan-four-zhu-templates/lib/enums/layout_template_enums.dart)'.  • test/widgets/four_zhu_card_host_resolver_test.dart:47:17 • argument_type_not_assignable
  error • The argument type 'TextStyleConfig (where TextStyleConfig is defined in /Users/jingtaiwei/Git/Public/xuan-migration/xuan-common/lib/models/text_style_config.dart)' can't be assigned to the parameter type 'TextStyleConfig (where TextStyleConfig is defined in /Users/jingtaiwei/Git/Public/xuan-migration/xuan-four-zhu-templates/lib/models/text_style_config.dart)'.  • test/widgets/four_zhu_card_host_resolver_test.dart:50:28 • argument_type_not_assignable
  error • The argument type 'RowType (where RowType is defined in /Users/jingtaiwei/Git/Public/xuan-migration/xuan-common/lib/enums/layout_template_enums.dart)' can't be assigned to the parameter type 'RowType (where RowType is defined in /Users/jingtaiwei/Git/Public/xuan-migration/xuan-four-zhu-templates/lib/enums/layout_template_enums.dart)'.  • test/widgets/four_zhu_card_host_resolver_test.dart:53:17 • argument_type_not_assignable
  error • The argument type 'TextStyleConfig (where TextStyleConfig is defined in /Users/jingtaiwei/Git/Public/xuan-migration/xuan-common/lib/models/text_style_config.dart)' can't be assigned to the parameter type 'TextStyleConfig (where TextStyleConfig is defined in /Users/jingtaiwei/Git/Public/xuan-migration/xuan-four-zhu-templates/lib/models/text_style_config.dart)'.  • test/widgets/four_zhu_card_host_resolver_test.dart:56:28 • argument_type_not_assignable
  error • The argument type 'RowType (where RowType is defined in /Users/jingtaiwei/Git/Public/xuan-migration/xuan-common/lib/enums/layout_template_enums.dart)' can't be assigned to the parameter type 'RowType (where RowType is defined in /Users/jingtaiwei/Git/Public/xuan-migration/xuan-four-zhu-templates/lib/enums/layout_template_enums.dart)'.  • test/widgets/four_zhu_card_host_resolver_test.dart:59:17 • argument_type_not_assignable
  error • The argument type 'TextStyleConfig (where TextStyleConfig is defined in /Users/jingtaiwei/Git/Public/xuan-migration/xuan-common/lib/models/text_style_config.dart)' can't be assigned to the parameter type 'TextStyleConfig (where TextStyleConfig is defined in /Users/jingtaiwei/Git/Public/xuan-migration/xuan-four-zhu-templates/lib/models/text_style_config.dart)'.  • test/widgets/four_zhu_card_host_resolver_test.dart:62:28 • argument_type_not_assignable
  error • The argument type 'RowType (where RowType is defined in /Users/jingtaiwei/Git/Public/xuan-migration/xuan-common/lib/enums/layout_template_enums.dart)' can't be assigned to the parameter type 'RowType (where RowType is defined in /Users/jingtaiwei/Git/Public/xuan-migration/xuan-four-zhu-templates/lib/enums/layout_template_enums.dart)'.  • test/widgets/four_zhu_card_host_resolver_test.dart:65:17 • argument_type_not_assignable
  error • The argument type 'TextStyleConfig (where TextStyleConfig is defined in /Users/jingtaiwei/Git/Public/xuan-migration/xuan-common/lib/models/text_style_config.dart)' can't be assigned to the parameter type 'TextStyleConfig (where TextStyleConfig is defined in /Users/jingtaiwei/Git/Public/xuan-migration/xuan-four-zhu-templates/lib/models/text_style_config.dart)'.  • test/widgets/four_zhu_card_host_resolver_test.dart:68:28 • argument_type_not_assignable
  error • The argument type 'RowType (where RowType is defined in /Users/jingtaiwei/Git/Public/xuan-migration/xuan-common/lib/enums/layout_template_enums.dart)' can't be assigned to the parameter type 'RowType (where RowType is defined in /Users/jingtaiwei/Git/Public/xuan-migration/xuan-four-zhu-templates/lib/enums/layout_template_enums.dart)'.  • test/widgets/four_zhu_card_host_resolver_test.dart:71:17 • argument_type_not_assignable
  error • The argument type 'TextStyleConfig (where TextStyleConfig is defined in /Users/jingtaiwei/Git/Public/xuan-migration/xuan-common/lib/models/text_style_config.dart)' can't be assigned to the parameter type 'TextStyleConfig (where TextStyleConfig is defined in /Users/jingtaiwei/Git/Public/xuan-migration/xuan-four-zhu-templates/lib/models/text_style_config.dart)'.  • test/widgets/four_zhu_card_host_resolver_test.dart:74:28 • argument_type_not_assignable
  error • The argument type 'RowType (where RowType is defined in /Users/jingtaiwei/Git/Public/xuan-migration/xuan-common/lib/enums/layout_template_enums.dart)' can't be assigned to the parameter type 'RowType (where RowType is defined in /Users/jingtaiwei/Git/Public/xuan-migration/xuan-four-zhu-templates/lib/enums/layout_template_enums.dart)'.  • test/widgets/four_zhu_card_host_resolver_test.dart:77:17 • argument_type_not_assignable
  error • The argument type 'TextStyleConfig (where TextStyleConfig is defined in /Users/jingtaiwei/Git/Public/xuan-migration/xuan-common/lib/models/text_style_config.dart)' can't be assigned to the parameter type 'TextStyleConfig (where TextStyleConfig is defined in /Users/jingtaiwei/Git/Public/xuan-migration/xuan-four-zhu-templates/lib/models/text_style_config.dart)'.  • test/widgets/four_zhu_card_host_resolver_test.dart:80:28 • argument_type_not_assignable
  error • The argument type 'Map<RowType, CellStyleConfig> (where CellStyleConfig is defined in /Users/jingtaiwei/Git/Public/xuan-migration/xuan-common/lib/features/four_zhu_card/widgets/editable_fourzhu_card/models/cell_style_config.dart)' can't be assigned to the parameter type 'Map<RowType, CellStyleConfig> (where CellStyleConfig is defined in /Users/jingtaiwei/Git/Public/xuan-migration/xuan-four-zhu-card/lib/features/four_zhu_card/widgets/editable_fourzhu_card/models/cell_style_config.dart)'.  • test/widgets/text_style_resolution_test.dart:370:11 • argument_type_not_assignable
  error • A value of type 'CellStyleConfig (where CellStyleConfig is defined in /Users/jingtaiwei/Git/Public/xuan-migration/xuan-common/lib/features/four_zhu_card/widgets/editable_fourzhu_card/models/cell_style_config.dart)' can't be assigned to a variable of type 'CellStyleConfig (where CellStyleConfig is defined in /Users/jingtaiwei/Git/Public/xuan-migration/xuan-four-zhu-card/lib/features/four_zhu_card/widgets/editable_fourzhu_card/models/cell_style_config.dart)' • test/widgets/text_style_resolution_test.dart:372:11 • invalid_assignment
  error • The argument type 'Map<RowType, CellStyleConfig>' can't be assigned to the parameter type 'Map<RowType, CellStyleConfig>?'.  • test/widgets/text_style_resolution_test.dart:380:36 • argument_type_not_assignable
  error • The argument type 'Map<RowType, CellStyleConfig> (where CellStyleConfig is defined in /Users/jingtaiwei/Git/Public/xuan-migration/xuan-common/lib/features/four_zhu_card/widgets/editable_fourzhu_card/models/cell_style_config.dart)' can't be assigned to the parameter type 'Map<RowType, CellStyleConfig> (where CellStyleConfig is defined in /Users/jingtaiwei/Git/Public/xuan-migration/xuan-four-zhu-card/lib/features/four_zhu_card/widgets/editable_fourzhu_card/models/cell_style_config.dart)'.  • test/widgets/text_style_resolution_test.dart:498:11 • argument_type_not_assignable
  error • A value of type 'CellStyleConfig (where CellStyleConfig is defined in /Users/jingtaiwei/Git/Public/xuan-migration/xuan-common/lib/features/four_zhu_card/widgets/editable_fourzhu_card/models/cell_style_config.dart)' can't be assigned to a variable of type 'CellStyleConfig (where CellStyleConfig is defined in /Users/jingtaiwei/Git/Public/xuan-migration/xuan-four-zhu-card/lib/features/four_zhu_card/widgets/editable_fourzhu_card/models/cell_style_config.dart)' • test/widgets/text_style_resolution_test.dart:500:11 • invalid_assignment
  error • The argument type 'Map<RowType, CellStyleConfig>' can't be assigned to the parameter type 'Map<RowType, CellStyleConfig>?'.  • test/widgets/text_style_resolution_test.dart:509:36 • argument_type_not_assignable

1845 issues found. (ran in 3.3s)
